ID,Lat,Lng,District,County,Fwy,Lanes,Type,Direction,ID2
767494,34.103332,-118.249733,7,Los Angeles,SR2-E,3,Mainline,E,3527
767509,34.107693,-118.249538,7,Los Angeles,SR2-E,4,Mainline,E,3528
767523,34.113959,-118.242956,7,Los Angeles,SR2-E,4,Mainline,E,3529
767541,34.11606,-118.238384,7,Los Angeles,SR2-E,4,Mainline,E,3530
767554,34.121074,-118.229892,7,Los Angeles,SR2-E,4,Mainline,E,3531
767572,34.128043,-118.228421,7,Los Angeles,SR2-E,5,Mainline,E,3532
767620,34.135337,-118.229285,7,Los Angeles,SR2-E,4,Mainline,E,3533
767455,34.146613,-118.226176,7,Los Angeles,SR2-E,4,Mainline,E,3534
768202,34.147961,-118.225767,7,Los Angeles,SR2-E,4,Mainline,E,3535
767470,34.155998,-118.224185,7,Los Angeles,SR2-E,6,Mainline,E,3536
767585,34.166367,-118.224105,7,Los Angeles,SR2-E,5,Mainline,E,3537
767597,34.174822,-118.221416,7,Los Angeles,SR2-E,5,Mainline,E,3538
767609,34.184463,-118.217522,7,Los Angeles,SR2-E,5,Mainline,E,3539
768238,34.20033,-118.21923,7,Los Angeles,SR2-E,2,Mainline,E,3540
767495,34.103362,-118.249975,7,Los Angeles,SR2-W,3,Mainline,W,3541
718064,34.112548,-118.245533,7,Los Angeles,SR2-W,4,Mainline,W,3542
767542,34.116219,-118.238557,7,Los Angeles,SR2-W,4,Mainline,W,3543
718066,34.121743,-118.229567,7,Los Angeles,SR2-W,4,Mainline,W,3544
767573,34.128058,-118.228703,7,Los Angeles,SR2-W,4,Mainline,W,3545
767621,34.135316,-118.229569,7,Los Angeles,SR2-W,4,Mainline,W,3546
762329,34.138775,-118.228707,7,Los Angeles,SR2-W,4,Mainline,W,3547
767454,34.146659,-118.22636,7,Los Angeles,SR2-W,4,Mainline,W,3548
718072,34.148241,-118.225967,7,Los Angeles,SR2-W,4,Mainline,W,3549
767471,34.156037,-118.22443,7,Los Angeles,SR2-W,6,Mainline,W,3550
718076,34.161165,-118.225695,7,Los Angeles,SR2-W,4,Mainline,W,3551
767598,34.174843,-118.221704,7,Los Angeles,SR2-W,4,Mainline,W,3552
767610,34.184465,-118.21782,7,Los Angeles,SR2-W,4,Mainline,W,3553
768230,34.200406,-118.219456,7,Los Angeles,SR2-W,1,Mainline,W,3554
762347,33.876414,-118.014459,7,Los Angeles,I5-N,4,Mainline,N,3555
716896,33.880305,-118.02169,7,Los Angeles,I5-N,4,Mainline,N,3556
716899,33.8834,-118.027451,7,Los Angeles,I5-N,3,Mainline,N,3557
716900,33.886992,-118.034125,7,Los Angeles,I5-N,3,Mainline,N,3558
762353,33.890697,-118.041009,7,Los Angeles,I5-N,4,Mainline,N,3559
718358,33.896767,-118.052213,7,Los Angeles,I5-N,3,Mainline,N,3560
769625,33.900806,-118.059282,7,Los Angeles,I5-N,3,Mainline,N,3561
718081,33.905186,-118.065055,7,Los Angeles,I5-N,3,Mainline,N,3562
759518,33.913564,-118.075867,7,Los Angeles,I5-N,3,Mainline,N,3563
715918,33.93311,-118.091005,7,Los Angeles,I5-N,3,Mainline,N,3564
764232,33.939747,-118.095531,7,Los Angeles,I5-N,3,Mainline,N,3565
763985,33.953085,-118.105015,7,Los Angeles,I5-N,4,Mainline,N,3566
759531,33.957583,-118.111199,7,Los Angeles,I5-N,4,Mainline,N,3567
759542,33.95891,-118.113036,7,Los Angeles,I5-N,4,Mainline,N,3568
759552,33.9632,-118.1189,7,Los Angeles,I5-N,4,Mainline,N,3569
715930,33.971763,-118.122905,7,Los Angeles,I5-N,4,Mainline,N,3570
716921,33.976554,-118.125758,7,Los Angeles,I5-N,4,Mainline,N,3571
715933,33.981839,-118.130679,7,Los Angeles,I5-N,4,Mainline,N,3572
716923,33.985955,-118.135337,7,Los Angeles,I5-N,4,Mainline,N,3573
763975,33.992305,-118.141915,7,Los Angeles,I5-N,4,Mainline,N,3574
716925,33.995023,-118.144513,7,Los Angeles,I5-N,4,Mainline,N,3575
715938,34.002541,-118.150997,7,Los Angeles,I5-N,4,Mainline,N,3576
716929,34.007196,-118.156466,7,Los Angeles,I5-N,4,Mainline,N,3577
764435,34.011295,-118.161135,7,Los Angeles,I5-N,4,Mainline,N,3578
715944,34.013676,-118.166091,7,Los Angeles,I5-N,4,Mainline,N,3579
718086,34.015567,-118.171131,7,Los Angeles,I5-N,4,Mainline,N,3580
716933,34.020076,-118.181702,7,Los Angeles,I5-N,5,Mainline,N,3581
759566,34.020251,-118.189669,7,Los Angeles,I5-N,5,Mainline,N,3582
759576,34.021135,-118.195375,7,Los Angeles,I5-N,5,Mainline,N,3583
716937,34.025295,-118.205056,7,Los Angeles,I5-N,5,Mainline,N,3584
763700,34.027763,-118.210714,7,Los Angeles,I5-N,2,Mainline,N,3585
716942,34.05905,-118.214488,7,Los Angeles,I5-N,5,Mainline,N,3586
763237,34.076978,-118.219273,7,Los Angeles,I5-N,4,Mainline,N,3587
716951,34.086881,-118.233611,7,Los Angeles,I5-N,4,Mainline,N,3588
718371,34.090311,-118.238626,7,Los Angeles,I5-N,5,Mainline,N,3589
716953,34.094038,-118.242314,7,Los Angeles,I5-N,5,Mainline,N,3590
763674,34.100954,-118.248419,7,Los Angeles,I5-N,4,Mainline,N,3591
763669,34.104688,-118.252741,7,Los Angeles,I5-N,4,Mainline,N,3592
716956,34.108429,-118.258982,7,Los Angeles,I5-N,5,Mainline,N,3593
759591,34.114313,-118.267737,7,Los Angeles,I5-N,4,Mainline,N,3594
775734,34.120938,-118.271262,7,Los Angeles,I5-N,4,Mainline,N,3595
759602,34.123398,-118.272271,7,Los Angeles,I5-N,4,Mainline,N,3596
761599,34.142573,-118.277948,7,Los Angeles,I5-N,5,Mainline,N,3597
761604,34.153792,-118.286458,7,Los Angeles,I5-N,4,Mainline,N,3598
718384,34.156976,-118.290498,7,Los Angeles,I5-N,5,Mainline,N,3599
716963,34.164088,-118.295568,7,Los Angeles,I5-N,4,Mainline,N,3600
716968,34.165484,-118.29753,7,Los Angeles,I5-N,4,Mainline,N,3601
716971,34.17007,-118.303837,7,Los Angeles,I5-N,4,Mainline,N,3602
716973,34.170572,-118.30448,7,Los Angeles,I5-N,4,Mainline,N,3603
716974,34.179879,-118.312407,7,Los Angeles,I5-N,4,Mainline,N,3604
716978,34.187037,-118.320656,7,Los Angeles,I5-N,4,Mainline,N,3605
716981,34.193931,-118.330086,7,Los Angeles,I5-N,4,Mainline,N,3606
716985,34.200877,-118.339185,7,Los Angeles,I5-N,4,Mainline,N,3607
716988,34.212728,-118.349041,7,Los Angeles,I5-N,4,Mainline,N,3608
716990,34.222169,-118.3673,7,Los Angeles,I5-N,4,Mainline,N,3609
716994,34.225945,-118.374982,7,Los Angeles,I5-N,4,Mainline,N,3610
761644,34.226627,-118.383614,7,Los Angeles,I5-N,4,Mainline,N,3611
716997,34.227093,-118.389006,7,Los Angeles,I5-N,4,Mainline,N,3612
717000,34.231273,-118.40134,7,Los Angeles,I5-N,4,Mainline,N,3613
775462,34.23758,-118.414654,7,Los Angeles,I5-N,4,Mainline,N,3614
764156,34.239405,-118.416632,7,Los Angeles,I5-N,4,Mainline,N,3615
718389,34.244193,-118.42169,7,Los Angeles,I5-N,6,Mainline,N,3616
718092,34.24614,-118.423735,7,Los Angeles,I5-N,6,Mainline,N,3617
768682,34.249318,-118.427068,7,Los Angeles,I5-N,6,Mainline,N,3618
768664,34.254804,-118.432792,7,Los Angeles,I5-N,6,Mainline,N,3619
768655,34.25709,-118.435212,7,Los Angeles,I5-N,4,Mainline,N,3620
759617,34.266064,-118.442825,7,Los Angeles,I5-N,4,Mainline,N,3621
718394,34.26834,-118.444992,7,Los Angeles,I5-N,4,Mainline,N,3622
759834,34.275954,-118.451881,7,Los Angeles,I5-N,3,Mainline,N,3623
759626,34.279114,-118.455041,7,Los Angeles,I5-N,3,Mainline,N,3624
759636,34.304527,-118.480635,7,Los Angeles,I5-N,5,Mainline,N,3625
774092,34.311851,-118.487084,7,Los Angeles,I5-N,5,Mainline,N,3626
718404,34.320108,-118.4945,7,Los Angeles,I5-N,4,Mainline,N,3627
775535,34.326025,-118.503782,7,Los Angeles,I5-N,5,Mainline,N,3628
763641,34.333878,-118.508285,7,Los Angeles,I5-N,2,Mainline,N,3629
775520,34.334956,-118.509451,7,Los Angeles,I5-N,4,Mainline,N,3630
716007,34.341625,-118.526002,7,Los Angeles,I5-N,5,Mainline,N,3631
759648,34.364506,-118.555784,7,Los Angeles,I5-N,4,Mainline,N,3632
768138,34.368218,-118.558498,7,Los Angeles,I5-N,4,Mainline,N,3633
769091,34.393574,-118.570864,7,Los Angeles,I5-N,4,Mainline,N,3634
759654,34.408287,-118.576071,7,Los Angeles,I5-N,4,Mainline,N,3635
759666,34.424267,-118.58367,7,Los Angeles,I5-N,4,Mainline,N,3636
716017,34.43153,-118.588374,7,Los Angeles,I5-N,4,Mainline,N,3637
769029,34.436709,-118.594465,7,Los Angeles,I5-N,5,Mainline,N,3638
769042,34.439618,-118.598334,7,Los Angeles,I5-N,4,Mainline,N,3639
769054,34.441909,-118.602777,7,Los Angeles,I5-N,4,Mainline,N,3640
759672,34.458426,-118.615547,7,Los Angeles,I5-N,4,Mainline,N,3641
759677,34.497131,-118.624674,7,Los Angeles,I5-N,4,Mainline,N,3642
716023,34.571045,-118.689102,7,Los Angeles,I5-N,4,Mainline,N,3643
759685,34.709779,-118.796647,7,Los Angeles,I5-N,4,Mainline,N,3644
762398,33.876316,-118.014605,7,Los Angeles,I5-S,4,Mainline,S,3645
715898,33.880183,-118.021787,7,Los Angeles,I5-S,3,Mainline,S,3646
716898,33.882892,-118.026822,7,Los Angeles,I5-S,3,Mainline,S,3647
763748,33.89061,-118.041088,7,Los Angeles,I5-S,3,Mainline,S,3648
763706,33.896666,-118.052294,7,Los Angeles,I5-S,3,Mainline,S,3649
716907,33.900669,-118.059422,7,Los Angeles,I5-S,3,Mainline,S,3650
716906,33.903961,-118.064046,7,Los Angeles,I5-S,3,Mainline,S,3651
716908,33.911074,-118.071686,7,Los Angeles,I5-S,3,Mainline,S,3652
716912,33.920763,-118.082501,7,Los Angeles,I5-S,3,Mainline,S,3653
715920,33.938544,-118.094941,7,Los Angeles,I5-S,4,Mainline,S,3654
763990,33.952949,-118.105163,7,Los Angeles,I5-S,4,Mainline,S,3655
716916,33.956897,-118.110532,7,Los Angeles,I5-S,4,Mainline,S,3656
716918,33.958225,-118.11239,7,Los Angeles,I5-S,4,Mainline,S,3657
716895,33.963867,-118.11987,7,Los Angeles,I5-S,4,Mainline,S,3658
715929,33.971707,-118.123095,7,Los Angeles,I5-S,4,Mainline,S,3659
716920,33.97646,-118.125953,7,Los Angeles,I5-S,4,Mainline,S,3660
768523,33.981723,-118.130845,7,Los Angeles,I5-S,4,Mainline,S,3661
716922,33.986224,-118.136014,7,Los Angeles,I5-S,4,Mainline,S,3662
763980,33.992211,-118.142079,7,Los Angeles,I5-S,4,Mainline,S,3663
716924,33.994935,-118.14469,7,Los Angeles,I5-S,4,Mainline,S,3664
718364,34.002455,-118.151164,7,Los Angeles,I5-S,4,Mainline,S,3665
716928,34.007592,-118.157266,7,Los Angeles,I5-S,4,Mainline,S,3666
718085,34.011229,-118.161247,7,Los Angeles,I5-S,4,Mainline,S,3667
716930,34.013529,-118.166192,7,Los Angeles,I5-S,4,Mainline,S,3668
715947,34.015325,-118.17127,7,Los Angeles,I5-S,3,Mainline,S,3669
716934,34.019879,-118.181588,7,Los Angeles,I5-S,5,Mainline,S,3670
716936,34.020088,-118.189029,7,Los Angeles,I5-S,5,Mainline,S,3671
759700,34.020961,-118.195456,7,Los Angeles,I5-S,5,Mainline,S,3672
759707,34.025109,-118.20517,7,Los Angeles,I5-S,5,Mainline,S,3673
716938,34.029033,-118.217141,7,Los Angeles,I5-S,2,Mainline,S,3674
716939,34.041407,-118.218373,7,Los Angeles,I5-S,5,Mainline,S,3675
716940,34.047784,-118.214638,7,Los Angeles,I5-S,5,Mainline,S,3676
716941,34.057314,-118.214378,7,Los Angeles,I5-S,4,Mainline,S,3677
716943,34.059006,-118.214706,7,Los Angeles,I5-S,4,Mainline,S,3678
716944,34.069368,-118.217386,7,Los Angeles,I5-S,4,Mainline,S,3679
716946,34.080943,-118.22237,7,Los Angeles,I5-S,3,Mainline,S,3680
716949,34.083198,-118.228213,7,Los Angeles,I5-S,5,Mainline,S,3681
718370,34.09021,-118.238774,7,Los Angeles,I5-S,5,Mainline,S,3682
716955,34.095413,-118.243957,7,Los Angeles,I5-S,5,Mainline,S,3683
718375,34.100828,-118.248623,7,Los Angeles,I5-S,4,Mainline,S,3684
718376,34.104544,-118.252924,7,Los Angeles,I5-S,4,Mainline,S,3685
716958,34.111314,-118.264526,7,Los Angeles,I5-S,5,Mainline,S,3686
716960,34.118291,-118.270166,7,Los Angeles,I5-S,4,Mainline,S,3687
718089,34.123357,-118.272486,7,Los Angeles,I5-S,4,Mainline,S,3688
718379,34.141806,-118.278086,7,Los Angeles,I5-S,5,Mainline,S,3689
718090,34.148833,-118.27989,7,Los Angeles,I5-S,6,Mainline,S,3690
759747,34.156871,-118.290763,7,Los Angeles,I5-S,5,Mainline,S,3691
764417,34.162761,-118.294541,7,Los Angeles,I5-S,4,Mainline,S,3692
716965,34.163197,-118.29497,7,Los Angeles,I5-S,4,Mainline,S,3693
759762,34.167992,-118.301293,7,Los Angeles,I5-S,4,Mainline,S,3694
759772,34.168963,-118.302648,7,Los Angeles,I5-S,4,Mainline,S,3695
759783,34.176309,-118.30783,7,Los Angeles,I5-S,4,Mainline,S,3696
716977,34.184491,-118.316733,7,Los Angeles,I5-S,4,Mainline,S,3697
716975,34.186308,-118.319601,7,Los Angeles,I5-S,4,Mainline,S,3698
716979,34.19381,-118.330292,7,Los Angeles,I5-S,4,Mainline,S,3699
716983,34.200916,-118.339473,7,Los Angeles,I5-S,4,Mainline,S,3700
716986,34.211259,-118.347597,7,Los Angeles,I5-S,4,Mainline,S,3701
716989,34.221104,-118.358957,7,Los Angeles,I5-S,4,Mainline,S,3702
716991,34.221822,-118.364915,7,Los Angeles,I5-S,4,Mainline,S,3703
716993,34.225778,-118.375075,7,Los Angeles,I5-S,4,Mainline,S,3704
716996,34.226376,-118.385923,7,Los Angeles,I5-S,4,Mainline,S,3705
716999,34.226944,-118.389042,7,Los Angeles,I5-S,4,Mainline,S,3706
717001,34.231047,-118.401401,7,Los Angeles,I5-S,4,Mainline,S,3707
717002,34.23742,-118.414827,7,Los Angeles,I5-S,4,Mainline,S,3708
764151,34.239278,-118.4168,7,Los Angeles,I5-S,4,Mainline,S,3709
715996,34.243318,-118.42108,7,Los Angeles,I5-S,6,Mainline,S,3710
717004,34.245149,-118.422992,7,Los Angeles,I5-S,6,Mainline,S,3711
717006,34.249183,-118.427257,7,Los Angeles,I5-S,6,Mainline,S,3712
759228,34.254614,-118.433051,7,Los Angeles,I5-S,6,Mainline,S,3713
759250,34.256907,-118.435472,7,Los Angeles,I5-S,6,Mainline,S,3714
718392,34.263648,-118.4415,7,Los Angeles,I5-S,4,Mainline,S,3715
718393,34.268223,-118.445171,7,Los Angeles,I5-S,4,Mainline,S,3716
759822,34.271236,-118.448172,7,Los Angeles,I5-S,5,Mainline,S,3717
759844,34.273972,-118.450111,7,Los Angeles,I5-S,5,Mainline,S,3718
759835,34.275868,-118.452003,7,Los Angeles,I5-S,5,Mainline,S,3719
759850,34.277432,-118.45372,7,Los Angeles,I5-S,3,Mainline,S,3720
759858,34.300684,-118.477275,7,Los Angeles,I5-S,5,Mainline,S,3721
718405,34.311743,-118.487332,7,Los Angeles,I5-S,5,Mainline,S,3722
774344,34.318789,-118.493056,7,Los Angeles,I5-S,4,Mainline,S,3723
775536,34.325864,-118.503984,7,Los Angeles,I5-S,4,Mainline,S,3724
768701,34.33367,-118.50838,7,Los Angeles,I5-S,2,Mainline,S,3725
759172,34.341011,-118.522527,7,Los Angeles,I5-S,5,Mainline,S,3726
759870,34.358847,-118.554053,7,Los Angeles,I5-S,4,Mainline,S,3727
716010,34.368149,-118.55885,7,Los Angeles,I5-S,4,Mainline,S,3728
759888,34.374508,-118.563047,7,Los Angeles,I5-S,4,Mainline,S,3729
759900,34.378358,-118.565494,7,Los Angeles,I5-S,4,Mainline,S,3730
774514,34.392092,-118.570906,7,Los Angeles,I5-S,4,Mainline,S,3731
769090,34.393517,-118.571234,7,Los Angeles,I5-S,4,Mainline,S,3732
772055,34.407375,-118.576054,7,Los Angeles,I5-S,4,Mainline,S,3733
759906,34.408604,-118.576573,7,Los Angeles,I5-S,4,Mainline,S,3734
759914,34.420911,-118.582284,7,Los Angeles,I5-S,4,Mainline,S,3735
716016,34.431273,-118.588555,7,Los Angeles,I5-S,4,Mainline,S,3736
769030,34.436509,-118.594682,7,Los Angeles,I5-S,5,Mainline,S,3737
769043,34.439432,-118.598526,7,Los Angeles,I5-S,4,Mainline,S,3738
769055,34.441758,-118.602939,7,Los Angeles,I5-S,4,Mainline,S,3739
759927,34.454192,-118.615941,7,Los Angeles,I5-S,4,Mainline,S,3740
773630,34.457553,-118.615974,7,Los Angeles,I5-S,4,Mainline,S,3741
759933,34.495729,-118.623863,7,Los Angeles,I5-S,4,Mainline,S,3742
759942,34.565923,-118.685975,7,Los Angeles,I5-S,4,Mainline,S,3743
759257,34.016298,-118.483358,7,Los Angeles,I10-E,3,Mainline,E,3744
737229,34.019283,-118.479535,7,Los Angeles,I10-E,3,Mainline,E,3745
737237,34.02328,-118.473469,7,Los Angeles,I10-E,3,Mainline,E,3746
737246,34.025103,-118.466669,7,Los Angeles,I10-E,3,Mainline,E,3747
737257,34.02693,-118.459319,7,Los Angeles,I10-E,4,Mainline,E,3748
776518,34.027623,-118.451758,7,Los Angeles,I10-E,4,Mainline,E,3749
765506,34.028077,-118.449505,7,Los Angeles,I10-E,4,Mainline,E,3750
737278,34.028893,-118.446438,7,Los Angeles,I10-E,4,Mainline,E,3751
764054,34.030628,-118.437426,7,Los Angeles,I10-E,4,Mainline,E,3752
718410,34.031541,-118.430583,7,Los Angeles,I10-E,3,Mainline,E,3753
764130,34.03165,-118.428336,7,Los Angeles,I10-E,3,Mainline,E,3754
718412,34.031688,-118.421146,7,Los Angeles,I10-E,5,Mainline,E,3755
763336,34.031647,-118.41534,7,Los Angeles,I10-E,4,Mainline,E,3756
717008,34.030709,-118.41147,7,Los Angeles,I10-E,5,Mainline,E,3757
717009,34.029516,-118.403014,7,Los Angeles,I10-E,5,Mainline,E,3758
768584,34.029698,-118.392981,7,Los Angeles,I10-E,5,Mainline,E,3759
717011,34.031182,-118.390169,7,Los Angeles,I10-E,5,Mainline,E,3760
716036,34.034311,-118.384884,7,Los Angeles,I10-E,5,Mainline,E,3761
717014,34.036847,-118.379114,7,Los Angeles,I10-E,4,Mainline,E,3762
717016,34.036314,-118.374796,7,Los Angeles,I10-E,4,Mainline,E,3763
717020,34.035587,-118.371451,7,Los Angeles,I10-E,4,Mainline,E,3764
717022,34.034495,-118.366371,7,Los Angeles,I10-E,5,Mainline,E,3765
718415,34.033741,-118.361383,7,Los Angeles,I10-E,5,Mainline,E,3766
763963,34.033989,-118.353882,7,Los Angeles,I10-E,4,Mainline,E,3767
764249,34.034036,-118.352661,7,Los Angeles,I10-E,4,Mainline,E,3768
717028,34.034193,-118.348655,7,Los Angeles,I10-E,4,Mainline,E,3769
716047,34.034363,-118.345701,7,Los Angeles,I10-E,4,Mainline,E,3770
716050,34.034677,-118.339444,7,Los Angeles,I10-E,4,Mainline,E,3771
717032,34.035074,-118.33108,7,Los Angeles,I10-E,5,Mainline,E,3772
717035,34.036382,-118.319158,7,Los Angeles,I10-E,5,Mainline,E,3773
763346,34.03681,-118.315379,7,Los Angeles,I10-E,4,Mainline,E,3774
716057,34.036953,-118.313131,7,Los Angeles,I10-E,4,Mainline,E,3775
717039,34.036945,-118.306723,7,Los Angeles,I10-E,5,Mainline,E,3776
737184,34.036842,-118.298268,7,Los Angeles,I10-E,4,Mainline,E,3777
717042,34.03682,-118.296713,7,Los Angeles,I10-E,4,Mainline,E,3778
718335,34.036796,-118.289266,7,Los Angeles,I10-E,5,Mainline,E,3779
717046,34.036841,-118.286287,7,Los Angeles,I10-E,5,Mainline,E,3780
759385,34.037023,-118.284201,7,Los Angeles,I10-E,4,Mainline,E,3781
764026,34.037427,-118.282004,7,Los Angeles,I10-E,3,Mainline,E,3782
759280,34.038052,-118.274457,7,Los Angeles,I10-E,3,Mainline,E,3783
718419,34.037793,-118.272782,7,Los Angeles,I10-E,4,Mainline,E,3784
763453,34.031145,-118.260012,7,Los Angeles,I10-E,4,Mainline,E,3785
718421,34.028118,-118.253469,7,Los Angeles,I10-E,5,Mainline,E,3786
763458,34.023654,-118.243938,7,Los Angeles,I10-E,4,Mainline,E,3787
737158,34.026415,-118.234825,7,Los Angeles,I10-E,5,Mainline,E,3788
737313,34.027658,-118.231686,7,Los Angeles,I10-E,5,Mainline,E,3789
737320,34.053847,-118.221966,7,Los Angeles,I10-E,3,Mainline,E,3790
716028,34.055167,-118.216535,7,Los Angeles,I10-E,3,Mainline,E,3791
776906,34.054946,-118.212353,7,Los Angeles,I10-E,1,Mainline,E,3792
716067,34.054801,-118.211859,7,Los Angeles,I10-E,3,Mainline,E,3793
716069,34.053806,-118.208214,7,Los Angeles,I10-E,4,Mainline,E,3794
716072,34.05411,-118.203478,7,Los Angeles,I10-E,6,Mainline,E,3795
717059,34.055193,-118.198785,7,Los Angeles,I10-E,6,Mainline,E,3796
716075,34.055306,-118.192689,7,Los Angeles,I10-E,6,Mainline,E,3797
716078,34.055285,-118.185874,7,Los Angeles,I10-E,6,Mainline,E,3798
765098,34.059092,-118.176399,7,Los Angeles,I10-E,4,Mainline,E,3799
716081,34.059959,-118.174416,7,Los Angeles,I10-E,4,Mainline,E,3800
737344,34.061366,-118.170554,7,Los Angeles,I10-E,4,Mainline,E,3801
717070,34.061277,-118.167246,7,Los Angeles,I10-E,4,Mainline,E,3802
716085,34.061918,-118.162504,7,Los Angeles,I10-E,4,Mainline,E,3803
716087,34.065882,-118.155495,7,Los Angeles,I10-E,5,Mainline,E,3804
765451,34.068993,-118.149756,7,Los Angeles,I10-E,4,Mainline,E,3805
716092,34.071251,-118.141723,7,Los Angeles,I10-E,4,Mainline,E,3806
717077,34.071335,-118.135155,7,Los Angeles,I10-E,4,Mainline,E,3807
717075,34.071342,-118.133569,7,Los Angeles,I10-E,4,Mainline,E,3808
717089,34.071438,-118.123947,7,Los Angeles,I10-E,4,Mainline,E,3809
717083,34.07146,-118.12223,7,Los Angeles,I10-E,4,Mainline,E,3810
717084,34.071574,-118.11718,7,Los Angeles,I10-E,4,Mainline,E,3811
717093,34.071665,-118.10937,7,Los Angeles,I10-E,4,Mainline,E,3812
717097,34.07168,-118.107635,7,Los Angeles,I10-E,4,Mainline,E,3813
717105,34.071731,-118.100852,7,Los Angeles,I10-E,4,Mainline,E,3814
717110,34.071766,-118.098584,7,Los Angeles,I10-E,4,Mainline,E,3815
717114,34.071834,-118.091958,7,Los Angeles,I10-E,4,Mainline,E,3816
718445,34.07186,-118.089866,7,Los Angeles,I10-E,4,Mainline,E,3817
717123,34.071945,-118.082543,7,Los Angeles,I10-E,4,Mainline,E,3818
717127,34.072071,-118.074173,7,Los Angeles,I10-E,4,Mainline,E,3819
717131,34.072083,-118.071554,7,Los Angeles,I10-E,4,Mainline,E,3820
717133,34.072106,-118.068405,7,Los Angeles,I10-E,4,Mainline,E,3821
717136,34.072292,-118.055988,7,Los Angeles,I10-E,5,Mainline,E,3822
716126,34.071934,-118.051536,7,Los Angeles,I10-E,4,Mainline,E,3823
717146,34.06847,-118.040429,7,Los Angeles,I10-E,4,Mainline,E,3824
774440,34.067931,-118.034889,7,Los Angeles,I10-E,5,Mainline,E,3825
717152,34.067963,-118.027743,7,Los Angeles,I10-E,4,Mainline,E,3826
717155,34.06699,-118.019773,7,Los Angeles,I10-E,4,Mainline,E,3827
717156,34.063981,-118.008051,7,Los Angeles,I10-E,4,Mainline,E,3828
768173,34.065326,-117.997535,7,Los Angeles,I10-E,4,Mainline,E,3829
775552,34.066974,-117.985481,7,Los Angeles,I10-E,5,Mainline,E,3830
717165,34.06769,-117.980138,7,Los Angeles,I10-E,4,Mainline,E,3831
775030,34.068079,-117.976855,7,Los Angeles,I10-E,4,Mainline,E,3832
717174,34.070282,-117.960307,7,Los Angeles,I10-E,4,Mainline,E,3833
764222,34.071267,-117.950956,7,Los Angeles,I10-E,4,Mainline,E,3834
717179,34.072075,-117.943345,7,Los Angeles,I10-E,4,Mainline,E,3835
763695,34.072372,-117.935361,7,Los Angeles,I10-E,5,Mainline,E,3836
717185,34.0723,-117.927358,7,Los Angeles,I10-E,4,Mainline,E,3837
717190,34.072274,-117.924923,7,Los Angeles,I10-E,4,Mainline,E,3838
716152,34.072202,-117.917964,7,Los Angeles,I10-E,4,Mainline,E,3839
717195,34.072101,-117.908205,7,Los Angeles,I10-E,4,Mainline,E,3840
717198,34.072082,-117.906392,7,Los Angeles,I10-E,4,Mainline,E,3841
764217,34.071994,-117.898791,7,Los Angeles,I10-E,4,Mainline,E,3842
717205,34.071847,-117.888507,7,Los Angeles,I10-E,4,Mainline,E,3843
718118,34.071814,-117.87979,7,Los Angeles,I10-E,4,Mainline,E,3844
717214,34.07172,-117.872992,7,Los Angeles,I10-E,5,Mainline,E,3845
717219,34.070451,-117.86513,7,Los Angeles,I10-E,5,Mainline,E,3846
718119,34.069047,-117.862283,7,Los Angeles,I10-E,5,Mainline,E,3847
763479,34.068106,-117.83743,7,Los Angeles,I10-E,5,Mainline,E,3848
717236,34.063698,-117.814269,7,Los Angeles,I10-E,5,Mainline,E,3849
716181,34.067443,-117.801629,7,Los Angeles,I10-E,5,Mainline,E,3850
717241,34.072803,-117.785705,7,Los Angeles,I10-E,4,Mainline,E,3851
717243,34.072839,-117.779264,7,Los Angeles,I10-E,4,Mainline,E,3852
716187,34.071766,-117.769758,7,Los Angeles,I10-E,4,Mainline,E,3853
717247,34.070843,-117.76148,7,Los Angeles,I10-E,4,Mainline,E,3854
768328,34.07311,-117.753926,7,Los Angeles,I10-E,4,Mainline,E,3855
717251,34.075604,-117.74786,7,Los Angeles,I10-E,4,Mainline,E,3856
717254,34.079138,-117.739234,7,Los Angeles,I10-E,4,Mainline,E,3857
774729,34.081536,-117.728631,7,Los Angeles,I10-E,4,Mainline,E,3858
717257,34.081545,-117.727932,7,Los Angeles,I10-E,4,Mainline,E,3859
717260,34.081722,-117.71693,7,Los Angeles,I10-E,4,Mainline,E,3860
774744,34.081798,-117.711187,7,Los Angeles,I10-E,4,Mainline,E,3861
759259,34.016413,-118.483481,7,Los Angeles,I10-W,3,Mainline,W,3862
737232,34.019435,-118.47969,7,Los Angeles,I10-W,4,Mainline,W,3863
764050,34.022411,-118.475871,7,Los Angeles,I10-W,3,Mainline,W,3864
737242,34.023443,-118.473579,7,Los Angeles,I10-W,3,Mainline,W,3865
737258,34.027093,-118.459353,7,Los Angeles,I10-W,4,Mainline,W,3866
763490,34.027751,-118.456128,7,Los Angeles,I10-W,4,Mainline,W,3867
737269,34.027802,-118.451776,7,Los Angeles,I10-W,4,Mainline,W,3868
764059,34.030785,-118.437468,7,Los Angeles,I10-W,4,Mainline,W,3869
718411,34.031734,-118.430419,7,Los Angeles,I10-W,3,Mainline,W,3870
737292,34.031903,-118.4213,7,Los Angeles,I10-W,5,Mainline,W,3871
763325,34.031891,-118.416029,7,Los Angeles,I10-W,4,Mainline,W,3872
716032,34.030891,-118.411427,7,Los Angeles,I10-W,4,Mainline,W,3873
763341,34.029722,-118.403033,7,Los Angeles,I10-W,4,Mainline,W,3874
718099,34.029948,-118.392928,7,Los Angeles,I10-W,5,Mainline,W,3875
717012,34.034476,-118.38503,7,Los Angeles,I10-W,4,Mainline,W,3876
717015,34.036959,-118.379466,7,Los Angeles,I10-W,4,Mainline,W,3877
717019,34.03577,-118.371368,7,Los Angeles,I10-W,4,Mainline,W,3878
718414,34.033976,-118.361349,7,Los Angeles,I10-W,5,Mainline,W,3879
764244,34.034301,-118.352667,7,Los Angeles,I10-W,4,Mainline,W,3880
773647,34.034377,-118.350928,7,Los Angeles,I10-W,4,Mainline,W,3881
717026,34.03448,-118.348667,7,Los Angeles,I10-W,4,Mainline,W,3882
717029,34.034617,-118.345712,7,Los Angeles,I10-W,4,Mainline,W,3883
717031,34.034894,-118.339451,7,Los Angeles,I10-W,5,Mainline,W,3884
718103,34.035005,-118.337015,7,Los Angeles,I10-W,5,Mainline,W,3885
717033,34.035298,-118.331265,7,Los Angeles,I10-W,5,Mainline,W,3886
763330,34.036614,-118.31917,7,Los Angeles,I10-W,5,Mainline,W,3887
717036,34.037228,-118.31313,7,Los Angeles,I10-W,4,Mainline,W,3888
776177,34.037281,-118.311045,7,Los Angeles,I10-W,4,Mainline,W,3889
717040,34.037253,-118.306713,7,Los Angeles,I10-W,4,Mainline,W,3890
717041,34.037222,-118.302221,7,Los Angeles,I10-W,4,Mainline,W,3891
716063,34.037129,-118.296691,7,Los Angeles,I10-W,4,Mainline,W,3892
717043,34.037096,-118.294389,7,Los Angeles,I10-W,5,Mainline,W,3893
768598,34.03706,-118.289279,7,Los Angeles,I10-W,5,Mainline,W,3894
717045,34.037067,-118.286318,7,Los Angeles,I10-W,6,Mainline,W,3895
759289,34.038055,-118.279858,7,Los Angeles,I10-W,3,Mainline,W,3896
769105,34.028251,-118.253349,7,Los Angeles,I10-W,5,Mainline,W,3897
769118,34.027652,-118.232238,7,Los Angeles,I10-W,5,Mainline,W,3898
764941,34.053988,-118.222069,7,Los Angeles,I10-W,3,Mainline,W,3899
717047,34.055356,-118.216546,7,Los Angeles,I10-W,3,Mainline,W,3900
717049,34.05498,-118.211804,7,Los Angeles,I10-W,3,Mainline,W,3901
717052,34.053995,-118.208218,7,Los Angeles,I10-W,4,Mainline,W,3902
717055,34.053753,-118.205692,7,Los Angeles,I10-W,4,Mainline,W,3903
717060,34.055448,-118.19888,7,Los Angeles,I10-W,6,Mainline,W,3904
716076,34.055573,-118.192729,7,Los Angeles,I10-W,6,Mainline,W,3905
718020,34.055551,-118.185914,7,Los Angeles,I10-W,6,Mainline,W,3906
718332,34.059334,-118.176508,7,Los Angeles,I10-W,4,Mainline,W,3907
717065,34.060186,-118.174504,7,Los Angeles,I10-W,4,Mainline,W,3908
737345,34.061578,-118.1706,7,Los Angeles,I10-W,4,Mainline,W,3909
716084,34.061442,-118.167268,7,Los Angeles,I10-W,4,Mainline,W,3910
717071,34.063934,-118.160163,7,Los Angeles,I10-W,3,Mainline,W,3911
716088,34.066326,-118.155441,7,Los Angeles,I10-W,4,Mainline,W,3912
717073,34.068501,-118.151418,7,Los Angeles,I10-W,4,Mainline,W,3913
716091,34.071793,-118.143409,7,Los Angeles,I10-W,4,Mainline,W,3914
717079,34.071644,-118.135158,7,Los Angeles,I10-W,4,Mainline,W,3915
717081,34.071662,-118.133572,7,Los Angeles,I10-W,4,Mainline,W,3916
717087,34.071803,-118.123604,7,Los Angeles,I10-W,4,Mainline,W,3917
717091,34.071819,-118.12204,7,Los Angeles,I10-W,4,Mainline,W,3918
716101,34.071889,-118.117349,7,Los Angeles,I10-W,4,Mainline,W,3919
717095,34.072021,-118.108838,7,Los Angeles,I10-W,4,Mainline,W,3920
717101,34.072053,-118.107276,7,Los Angeles,I10-W,4,Mainline,W,3921
717108,34.072192,-118.100669,7,Los Angeles,I10-W,4,Mainline,W,3922
717112,34.072118,-118.09858,7,Los Angeles,I10-W,4,Mainline,W,3923
717116,34.072221,-118.091434,7,Los Angeles,I10-W,4,Mainline,W,3924
717119,34.072253,-118.089691,7,Los Angeles,I10-W,4,Mainline,W,3925
717121,34.072342,-118.082856,7,Los Angeles,I10-W,4,Mainline,W,3926
717125,34.072457,-118.074173,7,Los Angeles,I10-W,4,Mainline,W,3927
717129,34.072494,-118.07208,7,Los Angeles,I10-W,4,Mainline,W,3928
717134,34.07251,-118.068233,7,Los Angeles,I10-W,4,Mainline,W,3929
717135,34.072661,-118.059491,7,Los Angeles,I10-W,4,Mainline,W,3930
717139,34.072302,-118.051535,7,Los Angeles,I10-W,4,Mainline,W,3931
717142,34.069271,-118.044184,7,Los Angeles,I10-W,4,Mainline,W,3932
774441,34.068121,-118.034859,7,Los Angeles,I10-W,5,Mainline,W,3933
717150,34.068078,-118.030663,7,Los Angeles,I10-W,5,Mainline,W,3934
717154,34.068199,-118.025926,7,Los Angeles,I10-W,5,Mainline,W,3935
767329,34.067198,-118.019674,7,Los Angeles,I10-W,4,Mainline,W,3936
717157,34.064175,-118.008013,7,Los Angeles,I10-W,4,Mainline,W,3937
768174,34.065536,-117.997551,7,Los Angeles,I10-W,4,Mainline,W,3938
717160,34.066554,-117.990356,7,Los Angeles,I10-W,4,Mainline,W,3939
717162,34.067663,-117.981905,7,Los Angeles,I10-W,4,Mainline,W,3940
717167,34.067905,-117.979831,7,Los Angeles,I10-W,4,Mainline,W,3941
775029,34.06828,-117.976897,7,Los Angeles,I10-W,4,Mainline,W,3942
717169,34.069011,-117.971555,7,Los Angeles,I10-W,4,Mainline,W,3943
717171,34.07049,-117.959994,7,Los Angeles,I10-W,4,Mainline,W,3944
764227,34.071436,-117.950986,7,Los Angeles,I10-W,4,Mainline,W,3945
717176,34.072082,-117.94475,7,Los Angeles,I10-W,4,Mainline,W,3946
716146,34.072549,-117.935381,7,Los Angeles,I10-W,5,Mainline,W,3947
717187,34.072468,-117.92737,7,Los Angeles,I10-W,4,Mainline,W,3948
717192,34.072452,-117.925803,7,Los Angeles,I10-W,4,Mainline,W,3949
716153,34.072356,-117.917965,7,Los Angeles,I10-W,5,Mainline,W,3950
717196,34.072264,-117.909076,7,Los Angeles,I10-W,4,Mainline,W,3951
717200,34.072247,-117.90702,7,Los Angeles,I10-W,4,Mainline,W,3952
763731,34.072159,-117.898791,7,Los Angeles,I10-W,4,Mainline,W,3953
717202,34.072105,-117.891295,7,Los Angeles,I10-W,4,Mainline,W,3954
717207,34.072087,-117.889726,7,Los Angeles,I10-W,4,Mainline,W,3955
717209,34.072029,-117.882752,7,Los Angeles,I10-W,4,Mainline,W,3956
717211,34.072002,-117.880137,7,Los Angeles,I10-W,4,Mainline,W,3957
717216,34.071952,-117.87456,7,Los Angeles,I10-W,4,Mainline,W,3958
717220,34.071035,-117.865957,7,Los Angeles,I10-W,4,Mainline,W,3959
717224,34.069889,-117.863523,7,Los Angeles,I10-W,4,Mainline,W,3960
717226,34.069037,-117.841455,7,Los Angeles,I10-W,4,Mainline,W,3961
717235,34.0639,-117.814349,7,Los Angeles,I10-W,4,Mainline,W,3962
717238,34.067625,-117.801715,7,Los Angeles,I10-W,4,Mainline,W,3963
717240,34.072518,-117.789858,7,Los Angeles,I10-W,4,Mainline,W,3964
763485,34.072978,-117.784144,7,Los Angeles,I10-W,4,Mainline,W,3965
717245,34.071938,-117.769749,7,Los Angeles,I10-W,4,Mainline,W,3966
717246,34.071029,-117.761475,7,Los Angeles,I10-W,4,Mainline,W,3967
717249,34.073286,-117.753978,7,Los Angeles,I10-W,4,Mainline,W,3968
768339,34.075833,-117.747809,7,Los Angeles,I10-W,4,Mainline,W,3969
717252,34.077146,-117.744573,7,Los Angeles,I10-W,4,Mainline,W,3970
768349,34.079381,-117.739096,7,Los Angeles,I10-W,4,Mainline,W,3971
774728,34.08172,-117.728629,7,Los Angeles,I10-W,4,Mainline,W,3972
716193,34.081731,-117.72793,7,Los Angeles,I10-W,4,Mainline,W,3973
717258,34.081821,-117.721638,7,Los Angeles,I10-W,4,Mainline,W,3974
774743,34.081976,-117.71118,7,Los Angeles,I10-W,4,Mainline,W,3975
764262,34.362535,-118.504833,7,Los Angeles,SR14-N,3,Mainline,N,3976
764276,34.377099,-118.494004,7,Los Angeles,SR14-N,3,Mainline,N,3977
764269,34.379368,-118.491328,7,Los Angeles,SR14-N,3,Mainline,N,3978
764304,34.394808,-118.468198,7,Los Angeles,SR14-N,3,Mainline,N,3979
764318,34.404207,-118.451727,7,Los Angeles,SR14-N,3,Mainline,N,3980
766694,34.425605,-118.422402,7,Los Angeles,SR14-N,2,Mainline,N,3981
766721,34.434709,-118.380974,7,Los Angeles,SR14-N,2,Mainline,N,3982
766740,34.466671,-118.327283,7,Los Angeles,SR14-N,3,Mainline,N,3983
766758,34.493332,-118.280287,7,Los Angeles,SR14-N,3,Mainline,N,3984
767791,34.555273,-118.132044,7,Los Angeles,SR14-N,2,Mainline,N,3985
775511,34.334177,-118.508382,7,Los Angeles,SR14-S,3,Mainline,S,3986
764283,34.375451,-118.49629,7,Los Angeles,SR14-S,3,Mainline,S,3987
764290,34.377963,-118.493391,7,Los Angeles,SR14-S,3,Mainline,S,3988
764297,34.391522,-118.474877,7,Los Angeles,SR14-S,3,Mainline,S,3989
764311,34.401271,-118.457631,7,Los Angeles,SR14-S,3,Mainline,S,3990
764322,34.404382,-118.451878,7,Los Angeles,SR14-S,3,Mainline,S,3991
766703,34.424397,-118.425567,7,Los Angeles,SR14-S,2,Mainline,S,3992
766712,34.433995,-118.38947,7,Los Angeles,SR14-S,3,Mainline,S,3993
766730,34.466425,-118.334293,7,Los Angeles,SR14-S,2,Mainline,S,3994
766749,34.488826,-118.286572,7,Los Angeles,SR14-S,2,Mainline,S,3995
767790,34.555214,-118.132256,7,Los Angeles,SR14-S,3,Mainline,S,3996
771253,34.179522,-118.86008,7,Ventura,SR23-N,4,Mainline,N,3997
771578,34.184067,-118.860802,7,Ventura,SR23-N,4,Mainline,N,3998
771268,34.196191,-118.859225,7,Ventura,SR23-N,3,Mainline,N,3999
771285,34.198898,-118.857485,7,Ventura,SR23-N,3,Mainline,N,4000
771294,34.203343,-118.85368,7,Ventura,SR23-N,3,Mainline,N,4001
771306,34.208327,-118.849291,7,Ventura,SR23-N,3,Mainline,N,4002
771318,34.211348,-118.84886,7,Ventura,SR23-N,3,Mainline,N,4003
771349,34.215167,-118.849269,7,Ventura,SR23-N,3,Mainline,N,4004
771329,34.225045,-118.847994,7,Ventura,SR23-N,3,Mainline,N,4005
771340,34.228473,-118.846374,7,Ventura,SR23-N,3,Mainline,N,4006
771360,34.241576,-118.839735,7,Ventura,SR23-N,3,Mainline,N,4007
771371,34.244752,-118.839479,7,Ventura,SR23-N,3,Mainline,N,4008
771386,34.252263,-118.839889,7,Ventura,SR23-N,3,Mainline,N,4009
771396,34.259271,-118.842944,7,Ventura,SR23-N,3,Mainline,N,4010
771410,34.266273,-118.850611,7,Ventura,SR23-N,3,Mainline,N,4011
771421,34.266777,-118.851005,7,Ventura,SR23-N,3,Mainline,N,4012
771431,34.274437,-118.857161,7,Ventura,SR23-N,3,Mainline,N,4013
771441,34.281715,-118.862785,7,Ventura,SR23-N,2,Mainline,N,4014
771254,34.178342,-118.860833,7,Ventura,SR23-S,4,Mainline,S,4015
771577,34.182962,-118.860859,7,Ventura,SR23-S,4,Mainline,S,4016
771565,34.193023,-118.861362,7,Ventura,SR23-S,3,Mainline,S,4017
771553,34.195845,-118.85983,7,Ventura,SR23-S,3,Mainline,S,4018
771295,34.202778,-118.85498,7,Ventura,SR23-S,3,Mainline,S,4019
771542,34.205523,-118.851449,7,Ventura,SR23-S,3,Mainline,S,4020
771531,34.207941,-118.849838,7,Ventura,SR23-S,3,Mainline,S,4021
771350,34.214377,-118.849594,7,Ventura,SR23-S,3,Mainline,S,4022
771521,34.222667,-118.849481,7,Ventura,SR23-S,3,Mainline,S,4023
771509,34.225282,-118.848315,7,Ventura,SR23-S,3,Mainline,S,4024
771499,34.235225,-118.842692,7,Ventura,SR23-S,3,Mainline,S,4025
771488,34.239756,-118.840813,7,Ventura,SR23-S,3,Mainline,S,4026
771385,34.251851,-118.840288,7,Ventura,SR23-S,3,Mainline,S,4027
771400,34.258973,-118.843185,7,Ventura,SR23-S,3,Mainline,S,4028
771475,34.263542,-118.848753,7,Ventura,SR23-S,3,Mainline,S,4029
771463,34.266547,-118.851334,7,Ventura,SR23-S,3,Mainline,S,4030
771432,34.274194,-118.857449,7,Ventura,SR23-S,3,Mainline,S,4031
771453,34.279095,-118.861308,7,Ventura,SR23-S,2,Mainline,S,4032
772421,33.749223,-118.270043,7,Los Angeles,SR47-N,2,Mainline,N,4033
775763,33.748932,-118.290236,7,Los Angeles,SR47-S,3,Mainline,S,4034
772396,33.749346,-118.282102,7,Los Angeles,SR47-S,2,Mainline,S,4035
772420,33.749307,-118.270041,7,Los Angeles,SR47-S,2,Mainline,S,4036
774826,33.953364,-117.863075,7,Los Angeles,SR57-N,4,Mainline,N,4037
763539,33.960273,-117.855729,7,Los Angeles,SR57-N,4,Mainline,N,4038
774854,33.976502,-117.842562,7,Los Angeles,SR57-N,4,Mainline,N,4039
769068,33.982608,-117.842112,7,Los Angeles,SR57-N,4,Mainline,N,4040
763553,33.988721,-117.842841,7,Los Angeles,SR57-N,4,Mainline,N,4041
774813,33.998678,-117.837798,7,Los Angeles,SR57-N,5,Mainline,N,4042
774866,34.024465,-117.812463,7,Los Angeles,SR57-N,3,Mainline,N,4043
763558,34.032569,-117.808962,7,Los Angeles,SR57-N,4,Mainline,N,4044
774877,34.036774,-117.805975,7,Los Angeles,SR57-N,4,Mainline,N,4045
763563,34.04332,-117.800771,7,Los Angeles,SR57-N,4,Mainline,N,4046
763568,34.04611,-117.800531,7,Los Angeles,SR57-N,5,Mainline,N,4047
774841,34.052554,-117.802449,7,Los Angeles,SR57-N,5,Mainline,N,4048
716203,34.059539,-117.804678,7,Los Angeles,SR57-N,3,Mainline,N,4049
774902,34.068185,-117.807434,7,Los Angeles,SR57-N,3,Mainline,N,4050
764096,34.077854,-117.813757,7,Los Angeles,SR57-N,5,Mainline,N,4051
718356,34.091335,-117.819352,7,Los Angeles,SR57-N,4,Mainline,N,4052
718053,34.097462,-117.819268,7,Los Angeles,SR57-N,4,Mainline,N,4053
774799,34.102685,-117.819622,7,Los Angeles,SR57-N,5,Mainline,N,4054
718051,34.104337,-117.820298,7,Los Angeles,SR57-N,4,Mainline,N,4055
764089,34.11626,-117.823987,7,Los Angeles,SR57-N,5,Mainline,N,4056
774827,33.953336,-117.863361,7,Los Angeles,SR57-S,4,Mainline,S,4057
763970,33.960374,-117.856055,7,Los Angeles,SR57-S,4,Mainline,S,4058
774855,33.976527,-117.842817,7,Los Angeles,SR57-S,4,Mainline,S,4059
763590,33.981951,-117.842186,7,Los Angeles,SR57-S,4,Mainline,S,4060
774812,33.998818,-117.837988,7,Los Angeles,SR57-S,5,Mainline,S,4061
774865,34.024519,-117.812703,7,Los Angeles,SR57-S,3,Mainline,S,4062
763583,34.029739,-117.811086,7,Los Angeles,SR57-S,3,Mainline,S,4063
774878,34.036865,-117.806244,7,Los Angeles,SR57-S,4,Mainline,S,4064
763578,34.040947,-117.802381,7,Los Angeles,SR57-S,4,Mainline,S,4065
763573,34.045058,-117.800792,7,Los Angeles,SR57-S,4,Mainline,S,4066
774842,34.052501,-117.802728,7,Los Angeles,SR57-S,5,Mainline,S,4067
764420,34.059467,-117.804897,7,Los Angeles,SR57-S,3,Mainline,S,4068
774901,34.068075,-117.807668,7,Los Angeles,SR57-S,3,Mainline,S,4069
718054,34.078431,-117.814654,7,Los Angeles,SR57-S,5,Mainline,S,4070
763649,34.091304,-117.819676,7,Los Angeles,SR57-S,4,Mainline,S,4071
718052,34.094818,-117.819726,7,Los Angeles,SR57-S,4,Mainline,S,4072
774800,34.10267,-117.819835,7,Los Angeles,SR57-S,5,Mainline,S,4073
768779,34.104041,-117.82037,7,Los Angeles,SR57-S,4,Mainline,S,4074
718050,34.107022,-117.821888,7,Los Angeles,SR57-S,4,Mainline,S,4075
774890,34.11142,-117.823902,7,Los Angeles,SR57-S,5,Mainline,S,4076
718048,34.115919,-117.824413,7,Los Angeles,SR57-S,4,Mainline,S,4077
717262,34.02902,-118.216326,7,Los Angeles,SR60-E,3,Mainline,E,4078
773281,34.028031,-118.208136,7,Los Angeles,SR60-E,5,Mainline,E,4079
717264,34.029608,-118.198629,7,Los Angeles,SR60-E,5,Mainline,E,4080
717265,34.03154,-118.190445,7,Los Angeles,SR60-E,5,Mainline,E,4081
717268,34.032146,-118.183387,7,Los Angeles,SR60-E,5,Mainline,E,4082
716213,34.034994,-118.173285,7,Los Angeles,SR60-E,4,Mainline,E,4083
773258,34.035882,-118.167827,7,Los Angeles,SR60-E,4,Mainline,E,4084
773274,34.036464,-118.16093,7,Los Angeles,SR60-E,6,Mainline,E,4085
717273,34.035723,-118.151516,7,Los Angeles,SR60-E,5,Mainline,E,4086
717279,34.034219,-118.148257,7,Los Angeles,SR60-E,6,Mainline,E,4087
768444,34.032906,-118.142053,7,Los Angeles,SR60-E,5,Mainline,E,4088
773222,34.033031,-118.133612,7,Los Angeles,SR60-E,4,Mainline,E,4089
773232,34.03377,-118.109603,7,Los Angeles,SR60-E,4,Mainline,E,4090
773304,34.035592,-118.101149,7,Los Angeles,SR60-E,4,Mainline,E,4091
773293,34.035659,-118.095917,7,Los Angeles,SR60-E,5,Mainline,E,4092
717285,34.035853,-118.093489,7,Los Angeles,SR60-E,4,Mainline,E,4093
717290,34.036512,-118.090626,7,Los Angeles,SR60-E,4,Mainline,E,4094
773245,34.037734,-118.085774,7,Los Angeles,SR60-E,5,Mainline,E,4095
717292,34.039225,-118.081093,7,Los Angeles,SR60-E,4,Mainline,E,4096
773317,34.041034,-118.073108,7,Los Angeles,SR60-E,4,Mainline,E,4097
717296,34.041255,-118.065153,7,Los Angeles,SR60-E,4,Mainline,E,4098
717301,34.041213,-118.062543,7,Los Angeles,SR60-E,5,Mainline,E,4099
717303,34.039962,-118.05362,7,Los Angeles,SR60-E,5,Mainline,E,4100
717308,34.03958,-118.051399,7,Los Angeles,SR60-E,5,Mainline,E,4101
773330,34.038564,-118.045604,7,Los Angeles,SR60-E,5,Mainline,E,4102
717312,34.037428,-118.039136,7,Los Angeles,SR60-E,5,Mainline,E,4103
716235,34.034891,-118.029411,7,Los Angeles,SR60-E,4,Mainline,E,4104
716237,34.031123,-118.02136,7,Los Angeles,SR60-E,6,Mainline,E,4105
717318,34.02896,-118.012462,7,Los Angeles,SR60-E,5,Mainline,E,4106
773409,34.028638,-118.002779,7,Los Angeles,SR60-E,5,Mainline,E,4107
773460,34.021504,-117.990223,7,Los Angeles,SR60-E,5,Mainline,E,4108
767722,34.016966,-117.985864,7,Los Angeles,SR60-E,5,Mainline,E,4109
718453,34.011912,-117.980122,7,Los Angeles,SR60-E,5,Mainline,E,4110
773424,34.009557,-117.973378,7,Los Angeles,SR60-E,4,Mainline,E,4111
717322,34.007035,-117.965011,7,Los Angeles,SR60-E,4,Mainline,E,4112
717328,34.00598,-117.961572,7,Los Angeles,SR60-E,4,Mainline,E,4113
718123,34.003773,-117.954366,7,Los Angeles,SR60-E,4,Mainline,E,4114
773473,34.001559,-117.94716,7,Los Angeles,SR60-E,4,Mainline,E,4115
773492,33.999541,-117.940612,7,Los Angeles,SR60-E,4,Mainline,E,4116
717332,33.996934,-117.931728,7,Los Angeles,SR60-E,4,Mainline,E,4117
717334,33.996462,-117.928294,7,Los Angeles,SR60-E,4,Mainline,E,4118
716254,33.996031,-117.924675,7,Los Angeles,SR60-E,4,Mainline,E,4119
773520,33.995684,-117.922099,7,Los Angeles,SR60-E,4,Mainline,E,4120
717340,33.994088,-117.906225,7,Los Angeles,SR60-E,4,Mainline,E,4121
717343,33.994073,-117.902914,7,Los Angeles,SR60-E,4,Mainline,E,4122
773505,33.994094,-117.897858,7,Los Angeles,SR60-E,4,Mainline,E,4123
717346,33.994085,-117.88949,7,Los Angeles,SR60-E,4,Mainline,E,4124
717352,33.994021,-117.886877,7,Los Angeles,SR60-E,4,Mainline,E,4125
773535,33.994885,-117.878772,7,Los Angeles,SR60-E,4,Mainline,E,4126
717357,33.99613,-117.870894,7,Los Angeles,SR60-E,4,Mainline,E,4127
717358,33.996748,-117.866957,7,Los Angeles,SR60-E,4,Mainline,E,4128
716265,33.998463,-117.856533,7,Los Angeles,SR60-E,4,Mainline,E,4129
773439,33.999031,-117.853126,7,Los Angeles,SR60-E,4,Mainline,E,4130
776708,33.999573,-117.8499,7,Los Angeles,SR60-E,4,Mainline,E,4131
718127,34.000335,-117.84567,7,Los Angeles,SR60-E,4,Mainline,E,4132
774164,34.001268,-117.839546,7,Los Angeles,SR60-E,4,Mainline,E,4133
774180,34.002482,-117.832788,7,Los Angeles,SR60-E,4,Mainline,E,4134
774947,34.007264,-117.826181,7,Los Angeles,SR60-E,6,Mainline,E,4135
766806,34.010718,-117.82259,7,Los Angeles,SR60-E,6,Mainline,E,4136
774927,34.016499,-117.817563,7,Los Angeles,SR60-E,6,Mainline,E,4137
766661,34.024192,-117.809808,7,Los Angeles,SR60-E,4,Mainline,E,4138
774475,34.025037,-117.774955,7,Los Angeles,SR60-E,4,Mainline,E,4139
766569,34.024204,-117.762443,7,Los Angeles,SR60-E,4,Mainline,E,4140
766600,34.024058,-117.755124,7,Los Angeles,SR60-E,4,Mainline,E,4141
766644,34.023384,-117.752093,7,Los Angeles,SR60-E,4,Mainline,E,4142
766620,34.023534,-117.745774,7,Los Angeles,SR60-E,4,Mainline,E,4143
766585,34.024073,-117.742058,7,Los Angeles,SR60-E,4,Mainline,E,4144
766843,34.024861,-117.730929,7,Los Angeles,SR60-E,4,Mainline,E,4145
764418,34.029636,-118.217534,7,Los Angeles,SR60-W,4,Mainline,W,4146
716206,34.029065,-118.211497,7,Los Angeles,SR60-W,3,Mainline,W,4147
717263,34.029648,-118.199219,7,Los Angeles,SR60-W,5,Mainline,W,4148
717266,34.031713,-118.190515,7,Los Angeles,SR60-W,5,Mainline,W,4149
717269,34.032661,-118.182471,7,Los Angeles,SR60-W,5,Mainline,W,4150
717270,34.034977,-118.174866,7,Los Angeles,SR60-W,4,Mainline,W,4151
773257,34.036073,-118.167849,7,Los Angeles,SR60-W,4,Mainline,W,4152
773273,34.03666,-118.160938,7,Los Angeles,SR60-W,6,Mainline,W,4153
717274,34.035886,-118.151414,7,Los Angeles,SR60-W,6,Mainline,W,4154
717277,34.034655,-118.148653,7,Los Angeles,SR60-W,5,Mainline,W,4155
717281,34.033066,-118.141975,7,Los Angeles,SR60-W,5,Mainline,W,4156
773221,34.033226,-118.133609,7,Los Angeles,SR60-W,4,Mainline,W,4157
773233,34.033985,-118.109672,7,Los Angeles,SR60-W,4,Mainline,W,4158
773305,34.035797,-118.101226,7,Los Angeles,SR60-W,4,Mainline,W,4159
717282,34.03582,-118.095997,7,Los Angeles,SR60-W,5,Mainline,W,4160
717288,34.036302,-118.092399,7,Los Angeles,SR60-W,5,Mainline,W,4161
773343,34.03791,-118.085867,7,Los Angeles,SR60-W,5,Mainline,W,4162
717294,34.039747,-118.080226,7,Los Angeles,SR60-W,5,Mainline,W,4163
773316,34.041206,-118.073157,7,Los Angeles,SR60-W,5,Mainline,W,4164
717298,34.041418,-118.066377,7,Los Angeles,SR60-W,5,Mainline,W,4165
717300,34.041414,-118.06376,7,Los Angeles,SR60-W,5,Mainline,W,4166
717306,34.040308,-118.054105,7,Los Angeles,SR60-W,5,Mainline,W,4167
718455,34.039693,-118.05069,7,Los Angeles,SR60-W,5,Mainline,W,4168
773329,34.038816,-118.045552,7,Los Angeles,SR60-W,5,Mainline,W,4169
717315,34.037619,-118.038699,7,Los Angeles,SR60-W,5,Mainline,W,4170
717316,34.035073,-118.029281,7,Los Angeles,SR60-W,4,Mainline,W,4171
716238,34.03138,-118.02126,7,Los Angeles,SR60-W,5,Mainline,W,4172
769454,34.029244,-118.011272,7,Los Angeles,SR60-W,5,Mainline,W,4173
717320,34.029247,-118.008439,7,Los Angeles,SR60-W,5,Mainline,W,4174
773407,34.028877,-118.0027,7,Los Angeles,SR60-W,6,Mainline,W,4175
773458,34.021646,-117.990029,7,Los Angeles,SR60-W,4,Mainline,W,4176
767723,34.017093,-117.985713,7,Los Angeles,SR60-W,4,Mainline,W,4177
716241,34.012079,-117.980022,7,Los Angeles,SR60-W,4,Mainline,W,4178
773422,34.009709,-117.973312,7,Los Angeles,SR60-W,4,Mainline,W,4179
717324,34.00782,-117.967088,7,Los Angeles,SR60-W,4,Mainline,W,4180
718124,34.003931,-117.95432,7,Los Angeles,SR60-W,4,Mainline,W,4181
773474,34.001722,-117.947119,7,Los Angeles,SR60-W,4,Mainline,W,4182
773490,33.999699,-117.94058,7,Los Angeles,SR60-W,4,Mainline,W,4183
717330,33.997875,-117.934513,7,Los Angeles,SR60-W,4,Mainline,W,4184
717337,33.997,-117.930655,7,Los Angeles,SR60-W,4,Mainline,W,4185
716253,33.996291,-117.924633,7,Los Angeles,SR60-W,4,Mainline,W,4186
773522,33.995952,-117.922059,7,Los Angeles,SR60-W,4,Mainline,W,4187
717339,33.994319,-117.908132,7,Los Angeles,SR60-W,4,Mainline,W,4188
717342,33.994314,-117.904483,7,Los Angeles,SR60-W,4,Mainline,W,4189
718125,33.994299,-117.890213,7,Los Angeles,SR60-W,4,Mainline,W,4190
717350,33.994278,-117.887951,7,Los Angeles,SR60-W,4,Mainline,W,4191
773537,33.99513,-117.87881,7,Los Angeles,SR60-W,4,Mainline,W,4192
717355,33.995905,-117.873496,7,Los Angeles,SR60-W,4,Mainline,W,4193
718126,33.99864,-117.856574,7,Los Angeles,SR60-W,4,Mainline,W,4194
773437,33.999193,-117.853162,7,Los Angeles,SR60-W,4,Mainline,W,4195
776690,33.999591,-117.850605,7,Los Angeles,SR60-W,4,Mainline,W,4196
774125,33.999966,-117.848396,7,Los Angeles,SR60-W,4,Mainline,W,4197
717361,33.999995,-117.848226,7,Los Angeles,SR60-W,4,Mainline,W,4198
774165,34.001459,-117.839573,7,Los Angeles,SR60-W,4,Mainline,W,4199
774181,34.00266,-117.832837,7,Los Angeles,SR60-W,4,Mainline,W,4200
774946,34.007487,-117.826362,7,Los Angeles,SR60-W,6,Mainline,W,4201
776657,34.009128,-117.824638,7,Los Angeles,SR60-W,6,Mainline,W,4202
774958,34.011894,-117.821807,7,Los Angeles,SR60-W,6,Mainline,W,4203
774926,34.016653,-117.81781,7,Los Angeles,SR60-W,6,Mainline,W,4204
766788,34.024472,-117.809793,7,Los Angeles,SR60-W,4,Mainline,W,4205
765456,34.024942,-117.773813,7,Los Angeles,SR60-W,4,Mainline,W,4206
774491,34.024242,-117.771627,7,Los Angeles,SR60-W,4,Mainline,W,4207
766571,34.024575,-117.762375,7,Los Angeles,SR60-W,4,Mainline,W,4208
766602,34.024322,-117.755055,7,Los Angeles,SR60-W,4,Mainline,W,4209
766642,34.02362,-117.75203,7,Los Angeles,SR60-W,4,Mainline,W,4210
766622,34.023776,-117.745822,7,Los Angeles,SR60-W,4,Mainline,W,4211
766587,34.024354,-117.742097,7,Los Angeles,SR60-W,4,Mainline,W,4212
765461,34.025041,-117.73416,7,Los Angeles,SR60-W,4,Mainline,W,4213
767166,34.066788,-117.802782,7,Los Angeles,SR71-N,2,Mainline,N,4214
775101,34.055022,-117.782658,7,Los Angeles,SR71-N,2,Mainline,N,4215
769292,34.050545,-117.778066,7,Los Angeles,SR71-N,2,Mainline,N,4216
769279,34.043604,-117.770672,7,Los Angeles,SR71-N,3,Mainline,N,4217
766673,34.035347,-117.761863,7,Los Angeles,SR71-N,2,Mainline,N,4218
716271,34.06708,-117.804144,7,Los Angeles,SR71-S,1,Mainline,S,4219
775100,34.052705,-117.780575,7,Los Angeles,SR71-S,2,Mainline,S,4220
769294,34.048371,-117.775944,7,Los Angeles,SR71-S,2,Mainline,S,4221
766685,34.028771,-117.755133,7,Los Angeles,SR71-S,2,Mainline,S,4222
716272,33.872586,-118.289005,7,Los Angeles,SR91-E,3,Mainline,E,4223
716273,33.872636,-118.2812,7,Los Angeles,SR91-E,3,Mainline,E,4224
717367,33.872471,-118.27074,7,Los Angeles,SR91-E,5,Mainline,E,4225
717369,33.873324,-118.264042,7,Los Angeles,SR91-E,4,Mainline,E,4226
718130,33.873486,-118.259531,7,Los Angeles,SR91-E,4,Mainline,E,4227
717376,33.873496,-118.251545,7,Los Angeles,SR91-E,4,Mainline,E,4228
717373,33.873339,-118.246168,7,Los Angeles,SR91-E,4,Mainline,E,4229
717379,33.87359,-118.236964,7,Los Angeles,SR91-E,4,Mainline,E,4230
717381,33.873878,-118.227243,7,Los Angeles,SR91-E,4,Mainline,E,4231
717383,33.873494,-118.219285,7,Los Angeles,SR91-E,4,Mainline,E,4232
717387,33.873361,-118.213213,7,Los Angeles,SR91-E,4,Mainline,E,4233
717390,33.872655,-118.203751,7,Los Angeles,SR91-E,5,Mainline,E,4234
717393,33.876009,-118.191574,7,Los Angeles,SR91-E,3,Mainline,E,4235
717396,33.876737,-118.184403,7,Los Angeles,SR91-E,5,Mainline,E,4236
716296,33.876767,-118.177981,7,Los Angeles,SR91-E,5,Mainline,E,4237
717402,33.875898,-118.166089,7,Los Angeles,SR91-E,4,Mainline,E,4238
717406,33.876265,-118.158652,7,Los Angeles,SR91-E,4,Mainline,E,4239
765467,33.876929,-118.149691,7,Los Angeles,SR91-E,5,Mainline,E,4240
718326,33.876989,-118.143077,7,Los Angeles,SR91-E,4,Mainline,E,4241
717418,33.877024,-118.139428,7,Los Angeles,SR91-E,4,Mainline,E,4242
717420,33.8765,-118.132216,7,Los Angeles,SR91-E,5,Mainline,E,4243
768898,33.876002,-118.126736,7,Los Angeles,SR91-E,5,Mainline,E,4244
717426,33.87605,-118.122915,7,Los Angeles,SR91-E,5,Mainline,E,4245
716312,33.876464,-118.114961,7,Los Angeles,SR91-E,6,Mainline,E,4246
716313,33.876234,-118.104961,7,Los Angeles,SR91-E,3,Mainline,E,4247
766209,33.876279,-118.095037,7,Los Angeles,SR91-E,5,Mainline,E,4248
717431,33.876317,-118.084773,7,Los Angeles,SR91-E,4,Mainline,E,4249
717434,33.876324,-118.080425,7,Los Angeles,SR91-E,4,Mainline,E,4250
717436,33.876358,-118.074686,7,Los Angeles,SR91-E,4,Mainline,E,4251
717439,33.876366,-118.070702,7,Los Angeles,SR91-E,4,Mainline,E,4252
717441,33.875647,-118.064958,7,Los Angeles,SR91-E,4,Mainline,E,4253
759980,33.873306,-118.060607,7,Los Angeles,SR91-E,4,Mainline,E,4254
768223,33.87249,-118.059386,7,Los Angeles,SR91-E,4,Mainline,E,4255
717443,33.86603,-118.049777,7,Los Angeles,SR91-E,4,Mainline,E,4256
773363,33.862202,-118.042466,7,Los Angeles,SR91-E,4,Mainline,E,4257
764425,33.872808,-118.281181,7,Los Angeles,SR91-W,3,Mainline,W,4258
717365,33.872789,-118.276308,7,Los Angeles,SR91-W,3,Mainline,W,4259
717368,33.873537,-118.264071,7,Los Angeles,SR91-W,4,Mainline,W,4260
765591,33.873665,-118.259554,7,Los Angeles,SR91-W,4,Mainline,W,4261
717375,33.873676,-118.251564,7,Los Angeles,SR91-W,4,Mainline,W,4262
717374,33.873522,-118.246184,7,Los Angeles,SR91-W,4,Mainline,W,4263
717378,33.873772,-118.23715,7,Los Angeles,SR91-W,4,Mainline,W,4264
717380,33.874114,-118.227251,7,Los Angeles,SR91-W,4,Mainline,W,4265
717384,33.873704,-118.219282,7,Los Angeles,SR91-W,3,Mainline,W,4266
717388,33.873559,-118.213194,7,Los Angeles,SR91-W,4,Mainline,W,4267
718327,33.872905,-118.203748,7,Los Angeles,SR91-W,5,Mainline,W,4268
717392,33.87619,-118.191575,7,Los Angeles,SR91-W,3,Mainline,W,4269
717397,33.87692,-118.184411,7,Los Angeles,SR91-W,4,Mainline,W,4270
716295,33.876997,-118.177986,7,Los Angeles,SR91-W,5,Mainline,W,4271
717399,33.876459,-118.1704,7,Los Angeles,SR91-W,5,Mainline,W,4272
717404,33.876117,-118.161745,7,Los Angeles,SR91-W,5,Mainline,W,4273
717410,33.877126,-118.153353,7,Los Angeles,SR91-W,4,Mainline,W,4274
717413,33.877179,-118.143773,7,Los Angeles,SR91-W,4,Mainline,W,4275
717416,33.877201,-118.142032,7,Los Angeles,SR91-W,4,Mainline,W,4276
717421,33.876702,-118.132194,7,Los Angeles,SR91-W,4,Mainline,W,4277
717424,33.87621,-118.126705,7,Los Angeles,SR91-W,4,Mainline,W,4278
768907,33.876256,-118.122877,7,Los Angeles,SR91-W,4,Mainline,W,4279
716311,33.876731,-118.114918,7,Los Angeles,SR91-W,5,Mainline,W,4280
716314,33.876465,-118.104925,7,Los Angeles,SR91-W,4,Mainline,W,4281
766211,33.876493,-118.095039,7,Los Angeles,SR91-W,3,Mainline,W,4282
717428,33.876536,-118.084783,7,Los Angeles,SR91-W,4,Mainline,W,4283
717433,33.87657,-118.080438,7,Los Angeles,SR91-W,4,Mainline,W,4284
717435,33.876583,-118.075397,7,Los Angeles,SR91-W,4,Mainline,W,4285
717438,33.876613,-118.071914,7,Los Angeles,SR91-W,4,Mainline,W,4286
717440,33.876119,-118.065686,7,Los Angeles,SR91-W,4,Mainline,W,4287
766555,33.873627,-118.060623,7,Los Angeles,SR91-W,4,Mainline,W,4288
768222,33.872702,-118.059283,7,Los Angeles,SR91-W,4,Mainline,W,4289
717442,33.866819,-118.050661,7,Los Angeles,SR91-W,4,Mainline,W,4290
773362,33.862383,-118.04237,7,Los Angeles,SR91-W,4,Mainline,W,4291
776425,34.053056,-118.228007,7,Los Angeles,US101-N,4,Mainline,N,4292
776480,34.053569,-118.231606,7,Los Angeles,US101-N,5,Mainline,N,4293
776752,34.056286,-118.24115,7,Los Angeles,US101-N,3,Mainline,N,4294
773023,34.056973,-118.242279,7,Los Angeles,US101-N,4,Mainline,N,4295
776136,34.06459,-118.250774,7,Los Angeles,US101-N,5,Mainline,N,4296
717445,34.06933,-118.259931,7,Los Angeles,US101-N,4,Mainline,N,4297
717447,34.072657,-118.268106,7,Los Angeles,US101-N,4,Mainline,N,4298
717452,34.074945,-118.273396,7,Los Angeles,US101-N,4,Mainline,N,4299
716337,34.077518,-118.282724,7,Los Angeles,US101-N,4,Mainline,N,4300
765164,34.078907,-118.288793,7,Los Angeles,US101-N,4,Mainline,N,4301
717456,34.081134,-118.29347,7,Los Angeles,US101-N,4,Mainline,N,4302
717459,34.083079,-118.297553,7,Los Angeles,US101-N,4,Mainline,N,4303
717460,34.085801,-118.301771,7,Los Angeles,US101-N,4,Mainline,N,4304
717463,34.090089,-118.305929,7,Los Angeles,US101-N,4,Mainline,N,4305
717465,34.094618,-118.310464,7,Los Angeles,US101-N,4,Mainline,N,4306
717469,34.096481,-118.313058,7,Los Angeles,US101-N,4,Mainline,N,4307
717473,34.099806,-118.315367,7,Los Angeles,US101-N,4,Mainline,N,4308
769372,34.10148,-118.316373,7,Los Angeles,US101-N,4,Mainline,N,4309
717480,34.105922,-118.327165,7,Los Angeles,US101-N,4,Mainline,N,4310
769389,34.110196,-118.333961,7,Los Angeles,US101-N,4,Mainline,N,4311
717483,34.115601,-118.33666,7,Los Angeles,US101-N,5,Mainline,N,4312
769402,34.121951,-118.34017,7,Los Angeles,US101-N,6,Mainline,N,4313
769418,34.125162,-118.343673,7,Los Angeles,US101-N,5,Mainline,N,4314
764949,34.128774,-118.346843,7,Los Angeles,US101-N,5,Mainline,N,4315
765176,34.133337,-118.352345,7,Los Angeles,US101-N,5,Mainline,N,4316
764760,34.134078,-118.355163,7,Los Angeles,US101-N,5,Mainline,N,4317
768469,34.135151,-118.358579,7,Los Angeles,US101-N,5,Mainline,N,4318
716359,34.139643,-118.365139,7,Los Angeles,US101-N,5,Mainline,N,4319
717491,34.14739,-118.370853,7,Los Angeles,US101-N,5,Mainline,N,4320
718141,34.151437,-118.374683,7,Los Angeles,US101-N,3,Mainline,N,4321
717492,34.154581,-118.381115,7,Los Angeles,US101-N,5,Mainline,N,4322
769467,34.154537,-118.397142,7,Los Angeles,US101-N,5,Mainline,N,4323
769346,34.156793,-118.407014,7,Los Angeles,US101-N,5,Mainline,N,4324
717497,34.156829,-118.415379,7,Los Angeles,US101-N,5,Mainline,N,4325
769358,34.156683,-118.422679,7,Los Angeles,US101-N,5,Mainline,N,4326
717498,34.155725,-118.432994,7,Los Angeles,US101-N,5,Mainline,N,4327
769443,34.155751,-118.438222,7,Los Angeles,US101-N,5,Mainline,N,4328
717501,34.15746,-118.450006,7,Los Angeles,US101-N,5,Mainline,N,4329
769431,34.158459,-118.456664,7,Los Angeles,US101-N,6,Mainline,N,4330
764794,34.160765,-118.469064,7,Los Angeles,US101-N,4,Mainline,N,4331
765099,34.163563,-118.472068,7,Los Angeles,US101-N,6,Mainline,N,4332
717502,34.165132,-118.474715,7,Los Angeles,US101-N,6,Mainline,N,4333
772168,34.165406,-118.483271,7,Los Angeles,US101-N,6,Mainline,N,4334
776081,34.169082,-118.498485,7,Los Angeles,US101-N,5,Mainline,N,4335
772178,34.171202,-118.503926,7,Los Angeles,US101-N,5,Mainline,N,4336
772596,34.171254,-118.510916,7,Los Angeles,US101-N,5,Mainline,N,4337
717510,34.171285,-118.520359,7,Los Angeles,US101-N,5,Mainline,N,4338
776066,34.171745,-118.531122,7,Los Angeles,US101-N,5,Mainline,N,4339
717513,34.173406,-118.538066,7,Los Angeles,US101-N,5,Mainline,N,4340
776060,34.173608,-118.550128,7,Los Angeles,US101-N,5,Mainline,N,4341
717515,34.17368,-118.555198,7,Los Angeles,US101-N,5,Mainline,N,4342
772609,34.173613,-118.561137,7,Los Angeles,US101-N,5,Mainline,N,4343
717517,34.171556,-118.573031,7,Los Angeles,US101-N,5,Mainline,N,4344
717519,34.168519,-118.590528,7,Los Angeles,US101-N,5,Mainline,N,4345
776073,34.169341,-118.595856,7,Los Angeles,US101-N,5,Mainline,N,4346
776052,34.170656,-118.604454,7,Los Angeles,US101-N,5,Mainline,N,4347
717522,34.170894,-118.607747,7,Los Angeles,US101-N,4,Mainline,N,4348
772583,34.163866,-118.625655,7,Los Angeles,US101-N,4,Mainline,N,4349
717524,34.162351,-118.629794,7,Los Angeles,US101-N,4,Mainline,N,4350
760002,34.158544,-118.640131,7,Los Angeles,US101-N,4,Mainline,N,4351
772354,34.158019,-118.641563,7,Los Angeles,US101-N,4,Mainline,N,4352
776313,34.153134,-118.653016,7,Los Angeles,US101-N,4,Mainline,N,4353
770611,34.152719,-118.65432,7,Los Angeles,US101-N,4,Mainline,N,4354
737433,34.149171,-118.69734,7,Los Angeles,US101-N,4,Mainline,N,4355
776457,34.140004,-118.712596,7,Los Angeles,US101-N,4,Mainline,N,4356
768253,34.138072,-118.726233,7,Los Angeles,US101-N,4,Mainline,N,4357
764958,34.143303,-118.739457,7,Los Angeles,US101-N,4,Mainline,N,4358
764963,34.146034,-118.760227,7,Los Angeles,US101-N,4,Mainline,N,4359
772340,34.14652,-118.764022,7,Los Angeles,US101-N,4,Mainline,N,4360
759271,34.14691,-118.782745,7,Los Angeles,US101-N,4,Mainline,N,4361
765101,34.148901,-118.803161,7,Los Angeles,US101-N,4,Mainline,N,4362
765472,34.150034,-118.806843,7,Los Angeles,US101-N,4,Mainline,N,4363
764803,34.159878,-118.82825,7,Ventura,US101-N,5,Mainline,N,4364
764808,34.160056,-118.828523,7,Ventura,US101-N,5,Mainline,N,4365
764819,34.167524,-118.839757,7,Ventura,US101-N,5,Mainline,N,4366
764829,34.176331,-118.860741,7,Ventura,US101-N,4,Mainline,N,4367
776465,34.176675,-118.865433,7,Ventura,US101-N,4,Mainline,N,4368
764839,34.1778,-118.879126,7,Ventura,US101-N,4,Mainline,N,4369
764863,34.184342,-118.893462,7,Ventura,US101-N,3,Mainline,N,4370
764879,34.184484,-118.910472,7,Ventura,US101-N,3,Mainline,N,4371
764891,34.184452,-118.913787,7,Ventura,US101-N,4,Mainline,N,4372
764900,34.185571,-118.929061,7,Ventura,US101-N,3,Mainline,N,4373
764910,34.18968,-118.938878,7,Ventura,US101-N,3,Mainline,N,4374
764915,34.191042,-118.941959,7,Ventura,US101-N,4,Mainline,N,4375
764921,34.205441,-118.984481,7,Ventura,US101-N,3,Mainline,N,4376
764932,34.213624,-119.007232,7,Ventura,US101-N,3,Mainline,N,4377
775302,34.222669,-119.141683,7,Ventura,US101-N,3,Mainline,N,4378
775365,34.222807,-119.143772,7,Ventura,US101-N,4,Mainline,N,4379
767810,34.249209,-119.204207,7,Ventura,US101-N,3,Mainline,N,4380
773062,34.053512,-118.232514,7,Los Angeles,US101-S,4,Mainline,S,4381
776328,34.053705,-118.235846,7,Los Angeles,US101-S,4,Mainline,S,4382
776751,34.056156,-118.241309,7,Los Angeles,US101-S,4,Mainline,S,4383
773024,34.056861,-118.242427,7,Los Angeles,US101-S,4,Mainline,S,4384
764853,34.064756,-118.251325,7,Los Angeles,US101-S,5,Mainline,S,4385
716328,34.067067,-118.254688,7,Los Angeles,US101-S,4,Mainline,S,4386
716331,34.070002,-118.262279,7,Los Angeles,US101-S,4,Mainline,S,4387
717446,34.071462,-118.265891,7,Los Angeles,US101-S,4,Mainline,S,4388
717450,34.074797,-118.273463,7,Los Angeles,US101-S,4,Mainline,S,4389
717453,34.076926,-118.280908,7,Los Angeles,US101-S,4,Mainline,S,4390
716339,34.078365,-118.288977,7,Los Angeles,US101-S,4,Mainline,S,4391
717458,34.082786,-118.297762,7,Los Angeles,US101-S,4,Mainline,S,4392
717461,34.085657,-118.301901,7,Los Angeles,US101-S,4,Mainline,S,4393
717462,34.089949,-118.306085,7,Los Angeles,US101-S,4,Mainline,S,4394
717466,34.094488,-118.310649,7,Los Angeles,US101-S,4,Mainline,S,4395
717468,34.096382,-118.313222,7,Los Angeles,US101-S,4,Mainline,S,4396
717472,34.099575,-118.315495,7,Los Angeles,US101-S,4,Mainline,S,4397
769373,34.101382,-118.316558,7,Los Angeles,US101-S,4,Mainline,S,4398
717479,34.104365,-118.323801,7,Los Angeles,US101-S,4,Mainline,S,4399
717481,34.106229,-118.328138,7,Los Angeles,US101-S,4,Mainline,S,4400
769388,34.110032,-118.334114,7,Los Angeles,US101-S,4,Mainline,S,4401
717484,34.115404,-118.336938,7,Los Angeles,US101-S,4,Mainline,S,4402
769403,34.121802,-118.340349,7,Los Angeles,US101-S,4,Mainline,S,4403
769405,34.125019,-118.343858,7,Los Angeles,US101-S,5,Mainline,S,4404
717486,34.129747,-118.348132,7,Los Angeles,US101-S,5,Mainline,S,4405
775990,34.13332,-118.353249,7,Los Angeles,US101-S,5,Mainline,S,4406
764766,34.133863,-118.35542,7,Los Angeles,US101-S,5,Mainline,S,4407
717488,34.134933,-118.358849,7,Los Angeles,US101-S,5,Mainline,S,4408
717489,34.139513,-118.36535,7,Los Angeles,US101-S,5,Mainline,S,4409
717490,34.147297,-118.371049,7,Los Angeles,US101-S,5,Mainline,S,4410
768066,34.151183,-118.375172,7,Los Angeles,US101-S,6,Mainline,S,4411
768477,34.154294,-118.38111,7,Los Angeles,US101-S,3,Mainline,S,4412
717493,34.154314,-118.394541,7,Los Angeles,US101-S,5,Mainline,S,4413
769345,34.156606,-118.407038,7,Los Angeles,US101-S,5,Mainline,S,4414
717495,34.156627,-118.412272,7,Los Angeles,US101-S,5,Mainline,S,4415
769359,34.1565,-118.422723,7,Los Angeles,US101-S,5,Mainline,S,4416
760013,34.155572,-118.427822,7,Los Angeles,US101-S,5,Mainline,S,4417
769444,34.155559,-118.438288,7,Los Angeles,US101-S,5,Mainline,S,4418
717499,34.156121,-118.44689,7,Los Angeles,US101-S,5,Mainline,S,4419
769430,34.158236,-118.456755,7,Los Angeles,US101-S,6,Mainline,S,4420
760024,34.159347,-118.461778,7,Los Angeles,US101-S,6,Mainline,S,4421
764781,34.160984,-118.470704,7,Los Angeles,US101-S,5,Mainline,S,4422
772140,34.164781,-118.474288,7,Los Angeles,US101-S,6,Mainline,S,4423
772167,34.165169,-118.483356,7,Los Angeles,US101-S,6,Mainline,S,4424
717504,34.165142,-118.49033,7,Los Angeles,US101-S,5,Mainline,S,4425
772151,34.168861,-118.498546,7,Los Angeles,US101-S,5,Mainline,S,4426
772597,34.171083,-118.510919,7,Los Angeles,US101-S,5,Mainline,S,4427
717508,34.171108,-118.517031,7,Los Angeles,US101-S,5,Mainline,S,4428
717511,34.171531,-118.531109,7,Los Angeles,US101-S,5,Mainline,S,4429
717514,34.173426,-118.550079,7,Los Angeles,US101-S,5,Mainline,S,4430
772610,34.173421,-118.561073,7,Los Angeles,US101-S,5,Mainline,S,4431
717516,34.172374,-118.570043,7,Los Angeles,US101-S,5,Mainline,S,4432
717518,34.167855,-118.586613,7,Los Angeles,US101-S,5,Mainline,S,4433
717520,34.16912,-118.595733,7,Los Angeles,US101-S,5,Mainline,S,4434
718142,34.17043,-118.60432,7,Los Angeles,US101-S,4,Mainline,S,4435
718143,34.170677,-118.606564,7,Los Angeles,US101-S,4,Mainline,S,4436
718144,34.169734,-118.611241,7,Los Angeles,US101-S,4,Mainline,S,4437
772582,34.163717,-118.62555,7,Los Angeles,US101-S,4,Mainline,S,4438
718146,34.159836,-118.636043,7,Los Angeles,US101-S,4,Mainline,S,4439
772208,34.159019,-118.638271,7,Los Angeles,US101-S,4,Mainline,S,4440
772355,34.157863,-118.64146,7,Los Angeles,US101-S,4,Mainline,S,4441
718148,34.1544,-118.649487,7,Los Angeles,US101-S,4,Mainline,S,4442
765444,34.152479,-118.654183,7,Los Angeles,US101-S,4,Mainline,S,4443
716390,34.149135,-118.672472,7,Los Angeles,US101-S,5,Mainline,S,4444
716391,34.151032,-118.680765,7,Los Angeles,US101-S,4,Mainline,S,4445
716392,34.148836,-118.697394,7,Los Angeles,US101-S,4,Mainline,S,4446
764646,34.146784,-118.699337,7,Los Angeles,US101-S,4,Mainline,S,4447
772564,34.14622,-118.699888,7,Los Angeles,US101-S,4,Mainline,S,4448
776440,34.141371,-118.708131,7,Los Angeles,US101-S,4,Mainline,S,4449
764637,34.138582,-118.720114,7,Los Angeles,US101-S,4,Mainline,S,4450
768265,34.137921,-118.725469,7,Los Angeles,US101-S,4,Mainline,S,4451
764632,34.143077,-118.739279,7,Los Angeles,US101-S,4,Mainline,S,4452
765100,34.143067,-118.743123,7,Los Angeles,US101-S,4,Mainline,S,4453
772193,34.145632,-118.758879,7,Los Angeles,US101-S,4,Mainline,S,4454
718149,34.145654,-118.759052,7,Los Angeles,US101-S,4,Mainline,S,4455
718150,34.146952,-118.779156,7,Los Angeles,US101-S,4,Mainline,S,4456
764627,34.148124,-118.801429,7,Los Angeles,US101-S,4,Mainline,S,4457
764622,34.149194,-118.804893,7,Los Angeles,US101-S,4,Mainline,S,4458
765150,34.1557,-118.822425,7,Ventura,US101-S,5,Mainline,S,4459
764798,34.157232,-118.824716,7,Ventura,US101-S,5,Mainline,S,4460
764814,34.164951,-118.836331,7,Ventura,US101-S,4,Mainline,S,4461
764834,34.175043,-118.852242,7,Ventura,US101-S,3,Mainline,S,4462
764824,34.175975,-118.85885,7,Ventura,US101-S,4,Mainline,S,4463
764848,34.17712,-118.873779,7,Ventura,US101-S,4,Mainline,S,4464
764868,34.181854,-118.888445,7,Ventura,US101-S,4,Mainline,S,4465
764874,34.18312,-118.890989,7,Ventura,US101-S,3,Mainline,S,4466
764885,34.184302,-118.908919,7,Ventura,US101-S,4,Mainline,S,4467
765106,34.184275,-118.911709,7,Ventura,US101-S,3,Mainline,S,4468
764905,34.188438,-118.936403,7,Ventura,US101-S,3,Mainline,S,4469
764927,34.205276,-118.984649,7,Ventura,US101-S,4,Mainline,S,4470
764937,34.213685,-119.008009,7,Ventura,US101-S,3,Mainline,S,4471
775314,34.22247,-119.141616,7,Ventura,US101-S,3,Mainline,S,4472
767811,34.248926,-119.204264,7,Ventura,US101-S,3,Mainline,S,4473
767801,34.277376,-119.293883,7,Ventura,US101-S,3,Mainline,S,4474
776628,34.355843,-119.434005,7,Ventura,US101-S,2,Mainline,S,4475
760046,33.931132,-118.389223,7,Los Angeles,I105-E,3,Mainline,E,4476
773047,33.931041,-118.38349,7,Los Angeles,I105-E,3,Mainline,E,4477
766875,33.931058,-118.382272,7,Los Angeles,I105-E,1,Mainline,E,4478
760063,33.929816,-118.373757,7,Los Angeles,I105-E,3,Mainline,E,4479
767838,33.931513,-118.361927,7,Los Angeles,I105-E,3,Mainline,E,4480
773656,33.933059,-118.356686,7,Los Angeles,I105-E,3,Mainline,E,4481
760074,33.933294,-118.351898,7,Los Angeles,I105-E,4,Mainline,E,4482
760080,33.930073,-118.344285,7,Los Angeles,I105-E,3,Mainline,E,4483
716414,33.924911,-118.335537,7,Los Angeles,I105-E,4,Mainline,E,4484
760101,33.924855,-118.32862,7,Los Angeles,I105-E,3,Mainline,E,4485
760112,33.925162,-118.323479,7,Los Angeles,I105-E,4,Mainline,E,4486
716419,33.925238,-118.313092,7,Los Angeles,I105-E,4,Mainline,E,4487
716421,33.926392,-118.304528,7,Los Angeles,I105-E,4,Mainline,E,4488
716424,33.928424,-118.29444,7,Los Angeles,I105-E,5,Mainline,E,4489
774614,33.928478,-118.284031,7,Los Angeles,I105-E,3,Mainline,E,4490
765476,33.928419,-118.277962,7,Los Angeles,I105-E,3,Mainline,E,4491
760167,33.928407,-118.277789,7,Los Angeles,I105-E,3,Mainline,E,4492
716427,33.927891,-118.273645,7,Los Angeles,I105-E,3,Mainline,E,4493
716431,33.927305,-118.266557,7,Los Angeles,I105-E,4,Mainline,E,4494
716433,33.927289,-118.263121,7,Los Angeles,I105-E,4,Mainline,E,4495
776826,33.927658,-118.256273,7,Los Angeles,I105-E,3,Mainline,E,4496
760187,33.928141,-118.252891,7,Los Angeles,I105-E,3,Mainline,E,4497
760196,33.928223,-118.240518,7,Los Angeles,I105-E,3,Mainline,E,4498
716440,33.929161,-118.226832,7,Los Angeles,I105-E,3,Mainline,E,4499
716442,33.929098,-118.220055,7,Los Angeles,I105-E,3,Mainline,E,4500
760226,33.923785,-118.207757,7,Los Angeles,I105-E,3,Mainline,E,4501
760236,33.922422,-118.20466,7,Los Angeles,I105-E,3,Mainline,E,4502
716449,33.917731,-118.194032,7,Los Angeles,I105-E,4,Mainline,E,4503
718155,33.914156,-118.184451,7,Los Angeles,I105-E,3,Mainline,E,4504
716453,33.911105,-118.174619,7,Los Angeles,I105-E,3,Mainline,E,4505
767857,33.911091,-118.174445,7,Los Angeles,I105-E,3,Mainline,E,4506
767868,33.911021,-118.173573,7,Los Angeles,I105-E,3,Mainline,E,4507
716456,33.91131,-118.164179,7,Los Angeles,I105-E,5,Mainline,E,4508
760283,33.912001,-118.157276,7,Los Angeles,I105-E,3,Mainline,E,4509
716460,33.912739,-118.148633,7,Los Angeles,I105-E,3,Mainline,E,4510
760301,33.9129,-118.143428,7,Los Angeles,I105-E,3,Mainline,E,4511
760315,33.91291,-118.138216,7,Los Angeles,I105-E,4,Mainline,E,4512
716466,33.912952,-118.131271,7,Los Angeles,I105-E,3,Mainline,E,4513
760330,33.91319,-118.122603,7,Los Angeles,I105-E,3,Mainline,E,4514
716470,33.913689,-118.113948,7,Los Angeles,I105-E,4,Mainline,E,4515
716402,33.931618,-118.394435,7,Los Angeles,I105-W,3,Mainline,W,4516
716404,33.931388,-118.389223,7,Los Angeles,I105-W,3,Mainline,W,4517
716405,33.931349,-118.382283,7,Los Angeles,I105-W,4,Mainline,W,4518
716407,33.93015,-118.373771,7,Los Angeles,I105-W,3,Mainline,W,4519
716409,33.932384,-118.3602,7,Los Angeles,I105-W,3,Mainline,W,4520
760426,33.932736,-118.3484,7,Los Angeles,I105-W,3,Mainline,W,4521
716413,33.926558,-118.338643,7,Los Angeles,I105-W,4,Mainline,W,4522
760440,33.925127,-118.330354,7,Los Angeles,I105-W,4,Mainline,W,4523
760452,33.925436,-118.325192,7,Los Angeles,I105-W,3,Mainline,W,4524
716420,33.925579,-118.313116,7,Los Angeles,I105-W,4,Mainline,W,4525
716422,33.926754,-118.304542,7,Los Angeles,I105-W,4,Mainline,W,4526
760473,33.928605,-118.29615,7,Los Angeles,I105-W,4,Mainline,W,4527
760481,33.928912,-118.290792,7,Los Angeles,I105-W,3,Mainline,W,4528
716426,33.928915,-118.285761,7,Los Angeles,I105-W,4,Mainline,W,4529
716428,33.928261,-118.273648,7,Los Angeles,I105-W,3,Mainline,W,4530
760496,33.927683,-118.266559,7,Los Angeles,I105-W,5,Mainline,W,4531
716434,33.927654,-118.263124,7,Los Angeles,I105-W,4,Mainline,W,4532
760512,33.92794,-118.256279,7,Los Angeles,I105-W,3,Mainline,W,4533
716437,33.928838,-118.244115,7,Los Angeles,I105-W,3,Mainline,W,4534
760535,33.928184,-118.233573,7,Los Angeles,I105-W,3,Mainline,W,4535
716441,33.929479,-118.226883,7,Los Angeles,I105-W,3,Mainline,W,4536
716443,33.929386,-118.220032,7,Los Angeles,I105-W,3,Mainline,W,4537
760558,33.926113,-118.212249,7,Los Angeles,I105-W,4,Mainline,W,4538
760568,33.924777,-118.209134,7,Los Angeles,I105-W,3,Mainline,W,4539
716448,33.921331,-118.201425,7,Los Angeles,I105-W,3,Mainline,W,4540
716450,33.918043,-118.193865,7,Los Angeles,I105-W,4,Mainline,W,4541
760599,33.915511,-118.187405,7,Los Angeles,I105-W,3,Mainline,W,4542
763712,33.91443,-118.184361,7,Los Angeles,I105-W,3,Mainline,W,4543
760606,33.914378,-118.184198,7,Los Angeles,I105-W,3,Mainline,W,4544
760619,33.911423,-118.174572,7,Los Angeles,I105-W,3,Mainline,W,4545
716457,33.911652,-118.164198,7,Los Angeles,I105-W,5,Mainline,W,4546
716459,33.912441,-118.155588,7,Los Angeles,I105-W,3,Mainline,W,4547
716461,33.913023,-118.148672,7,Los Angeles,I105-W,3,Mainline,W,4548
760398,33.913204,-118.143449,7,Los Angeles,I105-W,3,Mainline,W,4549
760384,33.913209,-118.136477,7,Los Angeles,I105-W,3,Mainline,W,4550
760375,33.913234,-118.12779,7,Los Angeles,I105-W,4,Mainline,W,4551
760369,33.91352,-118.122596,7,Los Angeles,I105-W,4,Mainline,W,4552
716471,33.914009,-118.113945,7,Los Angeles,I105-W,4,Mainline,W,4553
760358,33.914273,-118.103564,7,Los Angeles,I105-W,2,Mainline,W,4554
763498,33.758627,-118.28954,7,Los Angeles,I110-N,3,Mainline,N,4555
775773,33.770321,-118.280319,7,Los Angeles,I110-N,4,Mainline,N,4556
763502,33.772948,-118.279693,7,Los Angeles,I110-N,4,Mainline,N,4557
763507,33.78064,-118.280253,7,Los Angeles,I110-N,4,Mainline,N,4558
763512,33.791949,-118.282519,7,Los Angeles,I110-N,4,Mainline,N,4559
763517,33.807904,-118.287726,7,Los Angeles,I110-N,4,Mainline,N,4560
763522,33.81107,-118.287268,7,Los Angeles,I110-N,4,Mainline,N,4561
763527,33.82907,-118.28727,7,Los Angeles,I110-N,4,Mainline,N,4562
763532,33.845433,-118.285155,7,Los Angeles,I110-N,4,Mainline,N,4563
766336,33.855279,-118.284699,7,Los Angeles,I110-N,3,Mainline,N,4564
763354,33.863231,-118.284914,7,Los Angeles,I110-N,6,Mainline,N,4565
763663,33.870044,-118.28482,7,Los Angeles,I110-N,5,Mainline,N,4566
716484,33.884861,-118.285153,7,Los Angeles,I110-N,5,Mainline,N,4567
763626,33.892333,-118.285489,7,Los Angeles,I110-N,4,Mainline,N,4568
775825,33.901039,-118.286407,7,Los Angeles,I110-N,4,Mainline,N,4569
763361,33.903061,-118.2864,7,Los Angeles,I110-N,5,Mainline,N,4570
716490,33.90698,-118.286419,7,Los Angeles,I110-N,5,Mainline,N,4571
763367,33.915926,-118.285841,7,Los Angeles,I110-N,4,Mainline,N,4572
716495,33.919346,-118.283589,7,Los Angeles,I110-N,5,Mainline,N,4573
774704,33.922709,-118.281293,7,Los Angeles,I110-N,5,Mainline,N,4574
763304,33.928629,-118.280397,7,Los Angeles,I110-N,4,Mainline,N,4575
763372,33.93561,-118.27973,7,Los Angeles,I110-N,4,Mainline,N,4576
763720,33.938699,-118.279654,7,Los Angeles,I110-N,4,Mainline,N,4577
763384,33.947463,-118.279359,7,Los Angeles,I110-N,4,Mainline,N,4578
716499,33.951161,-118.279899,7,Los Angeles,I110-N,5,Mainline,N,4579
763392,33.958618,-118.280545,7,Los Angeles,I110-N,4,Mainline,N,4580
763400,33.960648,-118.280531,7,Los Angeles,I110-N,4,Mainline,N,4581
763408,33.976848,-118.280643,7,Los Angeles,I110-N,4,Mainline,N,4582
763419,33.984847,-118.280312,7,Los Angeles,I110-N,4,Mainline,N,4583
718164,33.989159,-118.280238,7,Los Angeles,I110-N,4,Mainline,N,4584
763424,33.998622,-118.280613,7,Los Angeles,I110-N,4,Mainline,N,4585
763429,34.006152,-118.280854,7,Los Angeles,I110-N,4,Mainline,N,4586
763434,34.010617,-118.280787,7,Los Angeles,I110-N,4,Mainline,N,4587
763439,34.018144,-118.279568,7,Los Angeles,I110-N,4,Mainline,N,4588
764032,34.026085,-118.275163,7,Los Angeles,I110-N,5,Mainline,N,4589
775637,34.031804,-118.274441,7,Los Angeles,I110-N,3,Mainline,N,4590
718165,34.037093,-118.274088,7,Los Angeles,I110-N,3,Mainline,N,4591
774672,34.041951,-118.273107,7,Los Angeles,I110-N,3,Mainline,N,4592
774685,34.046357,-118.268913,7,Los Angeles,I110-N,5,Mainline,N,4593
774658,34.048162,-118.265992,7,Los Angeles,I110-N,4,Mainline,N,4594
772501,34.057029,-118.254921,7,Los Angeles,I110-N,5,Mainline,N,4595
718046,34.067909,-118.23795,7,Los Angeles,I110-N,3,Mainline,N,4596
772513,34.070398,-118.235253,7,Los Angeles,I110-N,4,Mainline,N,4597
771667,34.075092,-118.232059,7,Los Angeles,I110-N,4,Mainline,N,4598
771673,34.078403,-118.228171,7,Los Angeles,I110-N,4,Mainline,N,4599
773013,34.084087,-118.220354,7,Los Angeles,I110-N,3,Mainline,N,4600
767751,34.09296,-118.206232,7,Los Angeles,I110-N,3,Mainline,N,4601
767760,34.112828,-118.177006,7,Los Angeles,I110-N,3,Mainline,N,4602
767768,34.119072,-118.16196,7,Los Angeles,I110-N,3,Mainline,N,4603
775752,33.758642,-118.289784,7,Los Angeles,I110-S,4,Mainline,S,4604
775774,33.770329,-118.280609,7,Los Angeles,I110-S,4,Mainline,S,4605
766337,33.855273,-118.2849,7,Los Angeles,I110-S,3,Mainline,S,4606
716481,33.865396,-118.285083,7,Los Angeles,I110-S,3,Mainline,S,4607
766988,33.874645,-118.28514,7,Los Angeles,I110-S,4,Mainline,S,4608
716485,33.884866,-118.28555,7,Los Angeles,I110-S,6,Mainline,S,4609
763621,33.890677,-118.285802,7,Los Angeles,I110-S,4,Mainline,S,4610
763314,33.899562,-118.286804,7,Los Angeles,I110-S,4,Mainline,S,4611
716491,33.906991,-118.286756,7,Los Angeles,I110-S,5,Mainline,S,4612
763309,33.914535,-118.286578,7,Los Angeles,I110-S,4,Mainline,S,4613
716494,33.919393,-118.284015,7,Los Angeles,I110-S,5,Mainline,S,4614
774703,33.922722,-118.281671,7,Los Angeles,I110-S,4,Mainline,S,4615
759418,33.923292,-118.281555,7,Los Angeles,I110-S,5,Mainline,S,4616
759416,33.923435,-118.281525,7,Los Angeles,I110-S,4,Mainline,S,4617
763299,33.928643,-118.281065,7,Los Angeles,I110-S,4,Mainline,S,4618
763377,33.935598,-118.280279,7,Los Angeles,I110-S,6,Mainline,S,4619
716500,33.95115,-118.280258,7,Los Angeles,I110-S,6,Mainline,S,4620
763294,33.958616,-118.281057,7,Los Angeles,I110-S,4,Mainline,S,4621
763286,33.962692,-118.280984,7,Los Angeles,I110-S,4,Mainline,S,4622
763275,33.968828,-118.28101,7,Los Angeles,I110-S,4,Mainline,S,4623
763267,33.980182,-118.281036,7,Los Angeles,I110-S,4,Mainline,S,4624
763259,33.987824,-118.280807,7,Los Angeles,I110-S,4,Mainline,S,4625
763251,34.002226,-118.28122,7,Los Angeles,I110-S,4,Mainline,S,4626
718041,34.009215,-118.281288,7,Los Angeles,I110-S,5,Mainline,S,4627
763246,34.015503,-118.281106,7,Los Angeles,I110-S,4,Mainline,S,4628
763447,34.018314,-118.280127,7,Los Angeles,I110-S,5,Mainline,S,4629
764037,34.026164,-118.275402,7,Los Angeles,I110-S,5,Mainline,S,4630
775636,34.031839,-118.274646,7,Los Angeles,I110-S,3,Mainline,S,4631
718166,34.03711,-118.274257,7,Los Angeles,I110-S,3,Mainline,S,4632
760635,34.040612,-118.27373,7,Los Angeles,I110-S,6,Mainline,S,4633
774671,34.042012,-118.273319,7,Los Angeles,I110-S,3,Mainline,S,4634
760643,34.04828,-118.266145,7,Los Angeles,I110-S,5,Mainline,S,4635
718173,34.055433,-118.256754,7,Los Angeles,I110-S,3,Mainline,S,4636
775610,34.063457,-118.247963,7,Los Angeles,I110-S,3,Mainline,S,4637
718045,34.068002,-118.238015,7,Los Angeles,I110-S,3,Mainline,S,4638
760650,34.074472,-118.233103,7,Los Angeles,I110-S,5,Mainline,S,4639
773012,34.084203,-118.220447,7,Los Angeles,I110-S,3,Mainline,S,4640
767750,34.093121,-118.206362,7,Los Angeles,I110-S,3,Mainline,S,4641
767759,34.112945,-118.177303,7,Los Angeles,I110-S,3,Mainline,S,4642
767767,34.119213,-118.161998,7,Los Angeles,I110-S,2,Mainline,S,4643
760686,34.292788,-118.854026,7,Ventura,SR118-E,2,Mainline,E,4644
760693,34.293197,-118.84425,7,Ventura,SR118-E,2,Mainline,E,4645
772132,34.292667,-118.834172,7,Ventura,SR118-E,2,Mainline,E,4646
772125,34.291143,-118.816801,7,Ventura,SR118-E,2,Mainline,E,4647
772118,34.287992,-118.801315,7,Ventura,SR118-E,2,Mainline,E,4648
760812,34.284287,-118.793847,7,Ventura,SR118-E,2,Mainline,E,4649
760814,34.28279,-118.789901,7,Ventura,SR118-E,2,Mainline,E,4650
764081,34.2822,-118.786152,7,Ventura,SR118-E,3,Mainline,E,4651
760801,34.282155,-118.779539,7,Ventura,SR118-E,3,Mainline,E,4652
760794,34.28215,-118.776188,7,Ventura,SR118-E,3,Mainline,E,4653
764072,34.282147,-118.772116,7,Ventura,SR118-E,3,Mainline,E,4654
760782,34.282158,-118.761848,7,Ventura,SR118-E,3,Mainline,E,4655
760774,34.282158,-118.75852,7,Ventura,SR118-E,3,Mainline,E,4656
764068,34.28215,-118.756247,7,Ventura,SR118-E,3,Mainline,E,4657
760765,34.282139,-118.744365,7,Ventura,SR118-E,3,Mainline,E,4658
760756,34.28213,-118.740869,7,Ventura,SR118-E,3,Mainline,E,4659
759142,34.282136,-118.734404,7,Ventura,SR118-E,3,Mainline,E,4660
764193,34.282131,-118.72654,7,Ventura,SR118-E,3,Mainline,E,4661
760746,34.281623,-118.718019,7,Ventura,SR118-E,4,Mainline,E,4662
760738,34.281529,-118.714692,7,Ventura,SR118-E,4,Mainline,E,4663
764185,34.281508,-118.708898,7,Ventura,SR118-E,4,Mainline,E,4664
764181,34.281491,-118.700296,7,Ventura,SR118-E,4,Mainline,E,4665
760726,34.281486,-118.691694,7,Ventura,SR118-E,4,Mainline,E,4666
760718,34.28146,-118.68836,7,Ventura,SR118-E,4,Mainline,E,4667
764173,34.281476,-118.682746,7,Ventura,SR118-E,4,Mainline,E,4668
717553,34.28145,-118.678709,7,Ventura,SR118-E,4,Mainline,E,4669
717560,34.281433,-118.675198,7,Ventura,SR118-E,4,Mainline,E,4670
764165,34.28077,-118.671276,7,Ventura,SR118-E,4,Mainline,E,4671
717565,34.276128,-118.658042,7,Ventura,SR118-E,4,Mainline,E,4672
772107,34.270739,-118.652796,7,Ventura,SR118-E,4,Mainline,E,4673
717568,34.268955,-118.634171,7,Ventura,SR118-E,4,Mainline,E,4674
772487,34.273908,-118.627732,7,Los Angeles,SR118-E,4,Mainline,E,4675
765920,34.276428,-118.616547,7,Los Angeles,SR118-E,4,Mainline,E,4676
717525,34.276735,-118.602125,7,Los Angeles,SR118-E,4,Mainline,E,4677
765978,34.275246,-118.598163,7,Los Angeles,SR118-E,5,Mainline,E,4678
717530,34.273354,-118.588108,7,Los Angeles,SR118-E,4,Mainline,E,4679
765941,34.273305,-118.581148,7,Los Angeles,SR118-E,4,Mainline,E,4680
771706,34.273315,-118.56897,7,Los Angeles,SR118-E,4,Mainline,E,4681
765995,34.272999,-118.563764,7,Los Angeles,SR118-E,5,Mainline,E,4682
717533,34.272223,-118.555464,7,Los Angeles,SR118-E,4,Mainline,E,4683
765958,34.273995,-118.546706,7,Los Angeles,SR118-E,4,Mainline,E,4684
717536,34.275083,-118.535822,7,Los Angeles,SR118-E,4,Mainline,E,4685
766012,34.278074,-118.526592,7,Los Angeles,SR118-E,4,Mainline,E,4686
766029,34.277793,-118.517876,7,Los Angeles,SR118-E,4,Mainline,E,4687
766046,34.277783,-118.509148,7,Los Angeles,SR118-E,4,Mainline,E,4688
717539,34.277904,-118.503383,7,Los Angeles,SR118-E,4,Mainline,E,4689
717541,34.277556,-118.498886,7,Los Angeles,SR118-E,5,Mainline,E,4690
717543,34.273127,-118.491528,7,Los Angeles,SR118-E,5,Mainline,E,4691
717547,34.268787,-118.486194,7,Los Angeles,SR118-E,5,Mainline,E,4692
766062,34.265948,-118.477329,7,Los Angeles,SR118-E,4,Mainline,E,4693
766138,34.265847,-118.468667,7,Los Angeles,SR118-E,6,Mainline,E,4694
766170,34.265805,-118.463409,7,Los Angeles,SR118-E,6,Mainline,E,4695
771690,34.265724,-118.454632,7,Los Angeles,SR118-E,6,Mainline,E,4696
766185,34.267093,-118.440661,7,Los Angeles,SR118-E,3,Mainline,E,4697
766112,34.267722,-118.437268,7,Los Angeles,SR118-E,5,Mainline,E,4698
766153,34.271535,-118.429947,7,Los Angeles,SR118-E,4,Mainline,E,4699
717554,34.292599,-118.860081,7,Ventura,SR118-W,2,Mainline,W,4700
717566,34.293436,-118.844767,7,Ventura,SR118-W,2,Mainline,W,4701
772133,34.292952,-118.834105,7,Ventura,SR118-W,2,Mainline,W,4702
772126,34.291452,-118.816751,7,Ventura,SR118-W,2,Mainline,W,4703
772119,34.288377,-118.801243,7,Ventura,SR118-W,2,Mainline,W,4704
760869,34.285131,-118.79486,7,Ventura,SR118-W,3,Mainline,W,4705
764085,34.282499,-118.786157,7,Ventura,SR118-W,4,Mainline,W,4706
760971,34.282452,-118.782329,7,Ventura,SR118-W,3,Mainline,W,4707
760959,34.282447,-118.777608,7,Ventura,SR118-W,3,Mainline,W,4708
764076,34.28245,-118.77212,7,Ventura,SR118-W,3,Mainline,W,4709
760951,34.282441,-118.7638,7,Ventura,SR118-W,3,Mainline,W,4710
760941,34.28245,-118.760625,7,Ventura,SR118-W,3,Mainline,W,4711
764064,34.282447,-118.756252,7,Ventura,SR118-W,3,Mainline,W,4712
760932,34.28243,-118.746287,7,Ventura,SR118-W,3,Mainline,W,4713
760921,34.282439,-118.742964,7,Ventura,SR118-W,3,Mainline,W,4714
759165,34.282445,-118.734398,7,Ventura,SR118-W,3,Mainline,W,4715
764197,34.282423,-118.726531,7,Ventura,SR118-W,3,Mainline,W,4716
760911,34.282189,-118.720254,7,Ventura,SR118-W,4,Mainline,W,4717
760900,34.281851,-118.716955,7,Ventura,SR118-W,4,Mainline,W,4718
764189,34.281806,-118.708876,7,Ventura,SR118-W,4,Mainline,W,4719
764177,34.281788,-118.700269,7,Ventura,SR118-W,4,Mainline,W,4720
760892,34.28177,-118.693769,7,Ventura,SR118-W,4,Mainline,W,4721
717558,34.281761,-118.690432,7,Ventura,SR118-W,4,Mainline,W,4722
764169,34.281773,-118.682707,7,Ventura,SR118-W,4,Mainline,W,4723
717549,34.281753,-118.681653,7,Ventura,SR118-W,4,Mainline,W,4724
717557,34.28175,-118.679194,7,Ventura,SR118-W,4,Mainline,W,4725
764161,34.281084,-118.671219,7,Ventura,SR118-W,4,Mainline,W,4726
717562,34.279351,-118.664241,7,Ventura,SR118-W,4,Mainline,W,4727
772092,34.268605,-118.634966,7,Ventura,SR118-W,3,Mainline,W,4728
760706,34.269157,-118.634264,7,Ventura,SR118-W,4,Mainline,W,4729
772488,34.274157,-118.627753,7,Los Angeles,SR118-W,4,Mainline,W,4730
765922,34.276649,-118.616557,7,Los Angeles,SR118-W,4,Mainline,W,4731
760828,34.277998,-118.606079,7,Los Angeles,SR118-W,4,Mainline,W,4732
765976,34.275485,-118.598169,7,Los Angeles,SR118-W,5,Mainline,W,4733
717528,34.273553,-118.588111,7,Los Angeles,SR118-W,4,Mainline,W,4734
765943,34.273529,-118.581144,7,Los Angeles,SR118-W,4,Mainline,W,4735
771721,34.273598,-118.56965,7,Los Angeles,SR118-W,4,Mainline,W,4736
765993,34.273216,-118.563746,7,Los Angeles,SR118-W,5,Mainline,W,4737
717532,34.272684,-118.558209,7,Los Angeles,SR118-W,4,Mainline,W,4738
765960,34.27423,-118.546666,7,Los Angeles,SR118-W,5,Mainline,W,4739
717535,34.274745,-118.538826,7,Los Angeles,SR118-W,4,Mainline,W,4740
766010,34.278307,-118.526519,7,Los Angeles,SR118-W,5,Mainline,W,4741
766027,34.278043,-118.517789,7,Los Angeles,SR118-W,5,Mainline,W,4742
766044,34.278039,-118.509048,7,Los Angeles,SR118-W,5,Mainline,W,4743
717537,34.27815,-118.504149,7,Los Angeles,SR118-W,4,Mainline,W,4744
717544,34.273353,-118.491355,7,Los Angeles,SR118-W,5,Mainline,W,4745
717546,34.268987,-118.485999,7,Los Angeles,SR118-W,5,Mainline,W,4746
766060,34.266157,-118.47724,7,Los Angeles,SR118-W,4,Mainline,W,4747
766096,34.266055,-118.463188,7,Los Angeles,SR118-W,4,Mainline,W,4748
766124,34.266023,-118.457798,7,Los Angeles,SR118-W,4,Mainline,W,4749
771691,34.266037,-118.454234,7,Los Angeles,SR118-W,6,Mainline,W,4750
766184,34.267413,-118.440737,7,Los Angeles,SR118-W,4,Mainline,W,4751
766110,34.267929,-118.437323,7,Los Angeles,SR118-W,4,Mainline,W,4752
766167,34.271697,-118.430141,7,Los Angeles,SR118-W,5,Mainline,W,4753
761016,34.153108,-118.366127,7,Los Angeles,SR134-E,4,Mainline,E,4754
717570,34.153063,-118.359904,7,Los Angeles,SR134-E,4,Mainline,E,4755
773880,34.153816,-118.341876,7,Los Angeles,SR134-E,4,Mainline,E,4756
760987,34.153535,-118.339979,7,Los Angeles,SR134-E,4,Mainline,E,4757
773890,34.152957,-118.336851,7,Los Angeles,SR134-E,4,Mainline,E,4758
717573,34.154023,-118.324031,7,Los Angeles,SR134-E,4,Mainline,E,4759
773869,34.154966,-118.317908,7,Los Angeles,SR134-E,4,Mainline,E,4760
761003,34.155121,-118.309741,7,Los Angeles,SR134-E,4,Mainline,E,4761
718204,34.155439,-118.295974,7,Los Angeles,SR134-E,4,Mainline,E,4762
773904,34.155227,-118.294082,7,Los Angeles,SR134-E,4,Mainline,E,4763
773953,34.155081,-118.290573,7,Los Angeles,SR134-E,4,Mainline,E,4764
773916,34.152202,-118.282684,7,Los Angeles,SR134-E,3,Mainline,E,4765
773927,34.152895,-118.279266,7,Los Angeles,SR134-E,4,Mainline,E,4766
717578,34.154438,-118.272455,7,Los Angeles,SR134-E,4,Mainline,E,4767
717580,34.155877,-118.266072,7,Los Angeles,SR134-E,4,Mainline,E,4768
717583,34.156268,-118.25012,7,Los Angeles,SR134-E,4,Mainline,E,4769
717585,34.155839,-118.242691,7,Los Angeles,SR134-E,4,Mainline,E,4770
717587,34.15489,-118.240354,7,Los Angeles,SR134-E,5,Mainline,E,4771
774054,34.15068,-118.234471,7,Los Angeles,SR134-E,4,Mainline,E,4772
717592,34.146882,-118.227103,7,Los Angeles,SR134-E,4,Mainline,E,4773
773974,34.145484,-118.221919,7,Los Angeles,SR134-E,4,Mainline,E,4774
773995,34.144881,-118.215655,7,Los Angeles,SR134-E,5,Mainline,E,4775
774011,34.147884,-118.197557,7,Los Angeles,SR134-E,4,Mainline,E,4776
717595,34.142229,-118.18445,7,Los Angeles,SR134-E,4,Mainline,E,4777
774031,34.141573,-118.182594,7,Los Angeles,SR134-E,4,Mainline,E,4778
717601,34.144583,-118.1678,7,Los Angeles,SR134-E,4,Mainline,E,4779
717606,34.148278,-118.157788,7,Los Angeles,SR134-E,4,Mainline,E,4780
773939,34.153052,-118.36974,7,Los Angeles,SR134-W,3,Mainline,W,4781
717571,34.153255,-118.359896,7,Los Angeles,SR134-W,4,Mainline,W,4782
718496,34.154195,-118.343722,7,Los Angeles,SR134-W,4,Mainline,W,4783
774204,34.154161,-118.343375,7,Los Angeles,SR134-W,4,Mainline,W,4784
717572,34.153625,-118.327063,7,Los Angeles,SR134-W,4,Mainline,W,4785
773870,34.155158,-118.317885,7,Los Angeles,SR134-W,4,Mainline,W,4786
718499,34.154816,-118.311893,7,Los Angeles,SR134-W,4,Mainline,W,4787
717576,34.15564,-118.29597,7,Los Angeles,SR134-W,4,Mainline,W,4788
773906,34.155435,-118.294082,7,Los Angeles,SR134-W,4,Mainline,W,4789
773954,34.155428,-118.29055,7,Los Angeles,SR134-W,4,Mainline,W,4790
774067,34.153547,-118.284244,7,Los Angeles,SR134-W,3,Mainline,W,4791
716551,34.154235,-118.274159,7,Los Angeles,SR134-W,4,Mainline,W,4792
716554,34.156198,-118.265345,7,Los Angeles,SR134-W,4,Mainline,W,4793
717582,34.156458,-118.262159,7,Los Angeles,SR134-W,4,Mainline,W,4794
717099,34.156447,-118.245195,7,Los Angeles,SR134-W,4,Mainline,W,4795
774053,34.15084,-118.234258,7,Los Angeles,SR134-W,4,Mainline,W,4796
717590,34.148123,-118.229499,7,Los Angeles,SR134-W,4,Mainline,W,4797
773975,34.14568,-118.221874,7,Los Angeles,SR134-W,4,Mainline,W,4798
773996,34.145076,-118.215608,7,Los Angeles,SR134-W,5,Mainline,W,4799
774012,34.148107,-118.197509,7,Los Angeles,SR134-W,4,Mainline,W,4800
717597,34.142674,-118.184801,7,Los Angeles,SR134-W,4,Mainline,W,4801
774032,34.141843,-118.182666,7,Los Angeles,SR134-W,4,Mainline,W,4802
717599,34.142896,-118.172193,7,Los Angeles,SR134-W,4,Mainline,W,4803
717603,34.146519,-118.162409,7,Los Angeles,SR134-W,5,Mainline,W,4804
764106,34.171717,-118.388072,7,Los Angeles,SR170-N,4,Mainline,N,4805
763995,34.220025,-118.409585,7,Los Angeles,SR170-N,3,Mainline,N,4806
764430,34.230591,-118.409589,7,Los Angeles,SR170-N,2,Mainline,N,4807
764101,34.163266,-118.382094,7,Los Angeles,SR170-S,4,Mainline,S,4808
717608,34.171634,-118.388333,7,Los Angeles,SR170-S,4,Mainline,S,4809
717610,34.178734,-118.394967,7,Los Angeles,SR170-S,4,Mainline,S,4810
717612,34.185249,-118.400787,7,Los Angeles,SR170-S,4,Mainline,S,4811
761070,34.187159,-118.401618,7,Los Angeles,SR170-S,4,Mainline,S,4812
716571,34.19999,-118.403413,7,Los Angeles,SR170-S,4,Mainline,S,4813
717613,34.219986,-118.409792,7,Los Angeles,SR170-S,3,Mainline,S,4814
716573,34.222738,-118.410536,7,Los Angeles,SR170-S,3,Mainline,S,4815
717614,34.23061,-118.410097,7,Los Angeles,SR170-S,3,Mainline,S,4816
770599,34.31759,-118.486117,7,Los Angeles,I210-E,4,Mainline,E,4817
768297,34.323046,-118.476388,7,Los Angeles,I210-E,3,Mainline,E,4818
768283,34.323367,-118.457366,7,Los Angeles,I210-E,3,Mainline,E,4819
770587,34.321653,-118.446679,7,Los Angeles,I210-E,3,Mainline,E,4820
770012,34.315198,-118.43844,7,Los Angeles,I210-E,3,Mainline,E,4821
770024,34.307175,-118.428329,7,Los Angeles,I210-E,3,Mainline,E,4822
770036,34.297523,-118.41772,7,Los Angeles,I210-E,3,Mainline,E,4823
770354,34.293047,-118.412995,7,Los Angeles,I210-E,3,Mainline,E,4824
770048,34.285556,-118.405022,7,Los Angeles,I210-E,3,Mainline,E,4825
770331,34.282287,-118.401572,7,Los Angeles,I210-E,3,Mainline,E,4826
770544,34.277404,-118.391732,7,Los Angeles,I210-E,4,Mainline,E,4827
770061,34.27436,-118.37804,7,Los Angeles,I210-E,4,Mainline,E,4828
770556,34.273581,-118.367587,7,Los Angeles,I210-E,4,Mainline,E,4829
770076,34.271968,-118.351971,7,Los Angeles,I210-E,4,Mainline,E,4830
770089,34.2608,-118.331009,7,Los Angeles,I210-E,4,Mainline,E,4831
770103,34.257404,-118.327764,7,Los Angeles,I210-E,4,Mainline,E,4832
770116,34.234317,-118.286992,7,Los Angeles,I210-E,4,Mainline,E,4833
769895,34.230849,-118.265101,7,Los Angeles,I210-E,4,Mainline,E,4834
769880,34.221426,-118.245718,7,Los Angeles,I210-E,4,Mainline,E,4835
769866,34.218398,-118.239738,7,Los Angeles,I210-E,4,Mainline,E,4836
769847,34.211728,-118.228265,7,Los Angeles,I210-E,4,Mainline,E,4837
770385,34.206925,-118.21372,7,Los Angeles,I210-E,4,Mainline,E,4838
769831,34.206745,-118.201533,7,Los Angeles,I210-E,4,Mainline,E,4839
769819,34.205892,-118.198234,7,Los Angeles,I210-E,4,Mainline,E,4840
769984,34.202989,-118.191827,7,Los Angeles,I210-E,4,Mainline,E,4841
769806,34.196934,-118.185042,7,Los Angeles,I210-E,4,Mainline,E,4842
769788,34.189219,-118.180753,7,Los Angeles,I210-E,4,Mainline,E,4843
717617,34.179921,-118.167405,7,Los Angeles,I210-E,4,Mainline,E,4844
717620,34.174756,-118.160407,7,Los Angeles,I210-E,4,Mainline,E,4845
717625,34.160546,-118.158748,7,Los Angeles,I210-E,4,Mainline,E,4846
770578,34.156489,-118.158295,7,Los Angeles,I210-E,2,Mainline,E,4847
717628,34.152216,-118.156144,7,Los Angeles,I210-E,1,Mainline,E,4848
717631,34.15099,-118.152369,7,Los Angeles,I210-E,4,Mainline,E,4849
717633,34.151691,-118.142523,7,Los Angeles,I210-E,6,Mainline,E,4850
717635,34.151658,-118.12944,7,Los Angeles,I210-E,5,Mainline,E,4851
717638,34.152187,-118.117782,7,Los Angeles,I210-E,5,Mainline,E,4852
717640,34.152301,-118.109239,7,Los Angeles,I210-E,5,Mainline,E,4853
717646,34.151406,-118.091041,7,Los Angeles,I210-E,5,Mainline,E,4854
717650,34.147621,-118.079037,7,Los Angeles,I210-E,5,Mainline,E,4855
717654,34.148522,-118.068683,7,Los Angeles,I210-E,4,Mainline,E,4856
717659,34.148554,-118.064055,7,Los Angeles,I210-E,4,Mainline,E,4857
773154,34.148585,-118.057432,7,Los Angeles,I210-E,5,Mainline,E,4858
717667,34.148636,-118.048053,7,Los Angeles,I210-E,4,Mainline,E,4859
717672,34.146752,-118.029146,7,Los Angeles,I210-E,4,Mainline,E,4860
773193,34.143558,-118.022467,7,Los Angeles,I210-E,4,Mainline,E,4861
761128,34.140676,-118.017243,7,Los Angeles,I210-E,4,Mainline,E,4862
761141,34.138178,-118.014556,7,Los Angeles,I210-E,4,Mainline,E,4863
761152,34.135316,-117.996727,7,Los Angeles,I210-E,4,Mainline,E,4864
761165,34.135219,-117.979798,7,Los Angeles,I210-E,4,Mainline,E,4865
761177,34.135237,-117.975628,7,Los Angeles,I210-E,5,Mainline,E,4866
769701,34.135426,-117.967987,7,Los Angeles,I210-E,4,Mainline,E,4867
761191,34.13449,-117.958916,7,Los Angeles,I210-E,4,Mainline,E,4868
769772,34.133397,-117.954412,7,Los Angeles,I210-E,4,Mainline,E,4869
772857,34.130657,-117.946351,7,Los Angeles,I210-E,5,Mainline,E,4870
772872,34.128708,-117.939757,7,Los Angeles,I210-E,4,Mainline,E,4871
761206,34.130297,-117.931111,7,Los Angeles,I210-E,4,Mainline,E,4872
772887,34.128935,-117.923112,7,Los Angeles,I210-E,4,Mainline,E,4873
761220,34.125143,-117.915079,7,Los Angeles,I210-E,4,Mainline,E,4874
765477,34.120571,-117.906859,7,Los Angeles,I210-E,4,Mainline,E,4875
717684,34.120654,-117.905646,7,Los Angeles,I210-E,4,Mainline,E,4876
772903,34.120955,-117.902358,7,Los Angeles,I210-E,4,Mainline,E,4877
765486,34.120787,-117.890798,7,Los Angeles,I210-E,4,Mainline,E,4878
718469,34.120764,-117.88843,7,Los Angeles,I210-E,4,Mainline,E,4879
772917,34.120865,-117.881465,7,Los Angeles,I210-E,4,Mainline,E,4880
717692,34.120461,-117.871209,7,Los Angeles,I210-E,4,Mainline,E,4881
772932,34.117037,-117.861494,7,Los Angeles,I210-E,4,Mainline,E,4882
772953,34.117359,-117.85626,7,Los Angeles,I210-E,4,Mainline,E,4883
716142,34.117595,-117.844142,7,Los Angeles,I210-E,4,Mainline,E,4884
716143,34.120911,-117.829234,7,Los Angeles,I210-E,4,Mainline,E,4885
769758,34.120306,-117.822311,7,Los Angeles,I210-E,4,Mainline,E,4886
772966,34.120153,-117.820582,7,Los Angeles,I210-E,4,Mainline,E,4887
771603,34.11972,-117.803812,7,Los Angeles,I210-E,3,Mainline,E,4888
767883,34.119703,-117.780403,7,Los Angeles,I210-E,3,Mainline,E,4889
767896,34.119372,-117.771695,7,Los Angeles,I210-E,3,Mainline,E,4890
767925,34.119291,-117.759529,7,Los Angeles,I210-E,3,Mainline,E,4891
767942,34.119475,-117.749005,7,Los Angeles,I210-E,4,Mainline,E,4892
767970,34.120394,-117.733824,7,Los Angeles,I210-E,4,Mainline,E,4893
767984,34.120261,-117.728252,7,Los Angeles,I210-E,4,Mainline,E,4894
767998,34.120158,-117.72024,7,Los Angeles,I210-E,4,Mainline,E,4895
768012,34.120041,-117.710836,7,Los Angeles,I210-E,4,Mainline,E,4896
768026,34.119816,-117.702095,7,Los Angeles,I210-E,4,Mainline,E,4897
768041,34.121357,-117.696262,7,Los Angeles,I210-E,4,Mainline,E,4898
770598,34.318013,-118.486171,7,Los Angeles,I210-W,3,Mainline,W,4899
770315,34.32289,-118.479923,7,Los Angeles,I210-W,3,Mainline,W,4900
770303,34.323885,-118.463369,7,Los Angeles,I210-W,3,Mainline,W,4901
770588,34.321808,-118.446543,7,Los Angeles,I210-W,3,Mainline,W,4902
770215,34.31834,-118.442088,7,Los Angeles,I210-W,3,Mainline,W,4903
770229,34.314344,-118.436994,7,Los Angeles,I210-W,3,Mainline,W,4904
770243,34.302019,-118.422166,7,Los Angeles,I210-W,3,Mainline,W,4905
770353,34.293217,-118.412767,7,Los Angeles,I210-W,3,Mainline,W,4906
770259,34.288741,-118.408086,7,Los Angeles,I210-W,3,Mainline,W,4907
770332,34.282467,-118.401379,7,Los Angeles,I210-W,4,Mainline,W,4908
770545,34.277612,-118.391579,7,Los Angeles,I210-W,4,Mainline,W,4909
770275,34.275519,-118.38254,7,Los Angeles,I210-W,4,Mainline,W,4910
770555,34.273773,-118.367538,7,Los Angeles,I210-W,4,Mainline,W,4911
770290,34.272608,-118.355391,7,Los Angeles,I210-W,4,Mainline,W,4912
770200,34.262037,-118.331922,7,Los Angeles,I210-W,4,Mainline,W,4913
770187,34.259795,-118.329713,7,Los Angeles,I210-W,4,Mainline,W,4914
770141,34.234987,-118.294031,7,Los Angeles,I210-W,4,Mainline,W,4915
770129,34.234984,-118.290562,7,Los Angeles,I210-W,4,Mainline,W,4916
769965,34.232554,-118.271772,7,Los Angeles,I210-W,4,Mainline,W,4917
769911,34.224897,-118.251344,7,Los Angeles,I210-W,5,Mainline,W,4918
769867,34.218652,-118.239558,7,Los Angeles,I210-W,4,Mainline,W,4919
769926,34.214462,-118.232443,7,Los Angeles,I210-W,6,Mainline,W,4920
770401,34.211095,-118.225948,7,Los Angeles,I210-W,4,Mainline,W,4921
770386,34.207155,-118.2137,7,Los Angeles,I210-W,4,Mainline,W,4922
769941,34.207101,-118.204943,7,Los Angeles,I210-W,4,Mainline,W,4923
769953,34.206998,-118.201441,7,Los Angeles,I210-W,4,Mainline,W,4924
769983,34.203186,-118.191671,7,Los Angeles,I210-W,4,Mainline,W,4925
769807,34.197068,-118.184827,7,Los Angeles,I210-W,4,Mainline,W,4926
770000,34.19198,-118.181214,7,Los Angeles,I210-W,4,Mainline,W,4927
717615,34.182539,-118.171545,7,Los Angeles,I210-W,4,Mainline,W,4928
717622,34.176273,-118.161942,7,Los Angeles,I210-W,4,Mainline,W,4929
770568,34.165922,-118.158257,7,Los Angeles,I210-W,4,Mainline,W,4930
717624,34.164368,-118.158093,7,Los Angeles,I210-W,5,Mainline,W,4931
770579,34.156597,-118.157944,7,Los Angeles,I210-W,4,Mainline,W,4932
717627,34.15225,-118.154678,7,Los Angeles,I210-W,2,Mainline,W,4933
717630,34.152218,-118.14821,7,Los Angeles,I210-W,4,Mainline,W,4934
764137,34.152092,-118.143249,7,Los Angeles,I210-W,6,Mainline,W,4935
717634,34.15195,-118.13555,7,Los Angeles,I210-W,5,Mainline,W,4936
717637,34.152357,-118.123714,7,Los Angeles,I210-W,5,Mainline,W,4937
717642,34.1527,-118.102255,7,Los Angeles,I210-W,5,Mainline,W,4938
717644,34.152727,-118.098063,7,Los Angeles,I210-W,5,Mainline,W,4939
717649,34.148074,-118.08377,7,Los Angeles,I210-W,5,Mainline,W,4940
717653,34.148737,-118.071321,7,Los Angeles,I210-W,5,Mainline,W,4941
717657,34.148823,-118.069206,7,Los Angeles,I210-W,4,Mainline,W,4942
717661,34.148876,-118.066773,7,Los Angeles,I210-W,4,Mainline,W,4943
773179,34.148892,-118.057432,7,Los Angeles,I210-W,4,Mainline,W,4944
717663,34.14889,-118.055903,7,Los Angeles,I210-W,4,Mainline,W,4945
717664,34.148916,-118.052166,7,Los Angeles,I210-W,4,Mainline,W,4946
717669,34.148355,-118.034499,7,Los Angeles,I210-W,4,Mainline,W,4947
764146,34.14791,-118.031417,7,Los Angeles,I210-W,4,Mainline,W,4948
773194,34.143728,-118.022315,7,Los Angeles,I210-W,5,Mainline,W,4949
761342,34.141791,-118.018365,7,Los Angeles,I210-W,4,Mainline,W,4950
761356,34.135576,-118.003558,7,Los Angeles,I210-W,4,Mainline,W,4951
718210,34.135547,-117.988695,7,Los Angeles,I210-W,4,Mainline,W,4952
761374,34.135484,-117.97979,7,Los Angeles,I210-W,4,Mainline,W,4953
769702,34.13568,-117.967942,7,Los Angeles,I210-W,4,Mainline,W,4954
769722,34.135685,-117.964445,7,Los Angeles,I210-W,4,Mainline,W,4955
717673,34.13492,-117.959306,7,Los Angeles,I210-W,4,Mainline,W,4956
775795,34.133605,-117.954304,7,Los Angeles,I210-W,2,Mainline,W,4957
772858,34.130886,-117.946237,7,Los Angeles,I210-W,5,Mainline,W,4958
772873,34.129017,-117.939742,7,Los Angeles,I210-W,5,Mainline,W,4959
717674,34.129595,-117.935,7,Los Angeles,I210-W,4,Mainline,W,4960
717675,34.130142,-117.932676,7,Los Angeles,I210-W,4,Mainline,W,4961
772888,34.129156,-117.923041,7,Los Angeles,I210-W,4,Mainline,W,4962
717676,34.12721,-117.917059,7,Los Angeles,I210-W,4,Mainline,W,4963
717678,34.120999,-117.908877,7,Los Angeles,I210-W,5,Mainline,W,4964
717682,34.120813,-117.90718,7,Los Angeles,I210-W,4,Mainline,W,4965
772902,34.121215,-117.902335,7,Los Angeles,I210-W,4,Mainline,W,4966
717685,34.121161,-117.896071,7,Los Angeles,I210-W,4,Mainline,W,4967
772918,34.121071,-117.881454,7,Los Angeles,I210-W,4,Mainline,W,4968
717686,34.120839,-117.874498,7,Los Angeles,I210-W,4,Mainline,W,4969
717688,34.120655,-117.871352,7,Los Angeles,I210-W,4,Mainline,W,4970
772933,34.117234,-117.861438,7,Los Angeles,I210-W,4,Mainline,W,4971
772954,34.117587,-117.856255,7,Los Angeles,I210-W,4,Mainline,W,4972
717694,34.117701,-117.847619,7,Los Angeles,I210-W,4,Mainline,W,4973
769744,34.121013,-117.834452,7,Los Angeles,I210-W,4,Mainline,W,4974
718047,34.121259,-117.830969,7,Los Angeles,I210-W,4,Mainline,W,4975
772967,34.120411,-117.820528,7,Los Angeles,I210-W,4,Mainline,W,4976
771618,34.119932,-117.809917,7,Los Angeles,I210-W,4,Mainline,W,4977
769136,34.120043,-117.789799,7,Los Angeles,I210-W,3,Mainline,W,4978
769150,34.120189,-117.786499,7,Los Angeles,I210-W,3,Mainline,W,4979
767898,34.119589,-117.771693,7,Los Angeles,I210-W,3,Mainline,W,4980
767910,34.119673,-117.76472,7,Los Angeles,I210-W,3,Mainline,W,4981
767940,34.119659,-117.748981,7,Los Angeles,I210-W,4,Mainline,W,4982
767955,34.120595,-117.735211,7,Los Angeles,I210-W,3,Mainline,W,4983
767986,34.120489,-117.728247,7,Los Angeles,I210-W,3,Mainline,W,4984
768000,34.120381,-117.720237,7,Los Angeles,I210-W,3,Mainline,W,4985
768014,34.120213,-117.710836,7,Los Angeles,I210-W,3,Mainline,W,4986
768028,34.120029,-117.702145,7,Los Angeles,I210-W,3,Mainline,W,4987
768055,34.122146,-117.695126,7,Los Angeles,I210-W,3,Mainline,W,4988
771826,33.787054,-118.094505,7,Los Angeles,I405-N,4,Mainline,N,4989
717696,33.791829,-118.100867,7,Los Angeles,I405-N,4,Mainline,N,4990
718219,33.796718,-118.107431,7,Los Angeles,I405-N,4,Mainline,N,4991
717701,33.802431,-118.115997,7,Los Angeles,I405-N,4,Mainline,N,4992
717703,33.802865,-118.128314,7,Los Angeles,I405-N,4,Mainline,N,4993
718227,33.802923,-118.133344,7,Los Angeles,I405-N,5,Mainline,N,4994
717706,33.805639,-118.141821,7,Los Angeles,I405-N,5,Mainline,N,4995
717709,33.806208,-118.144497,7,Los Angeles,I405-N,5,Mainline,N,4996
716632,33.807173,-118.150983,7,Los Angeles,I405-N,5,Mainline,N,4997
771845,33.809267,-118.157166,7,Los Angeles,I405-N,5,Mainline,N,4998
717711,33.812037,-118.162485,7,Los Angeles,I405-N,4,Mainline,N,4999
717713,33.813266,-118.166414,7,Los Angeles,I405-N,4,Mainline,N,5000
717715,33.813802,-118.168227,7,Los Angeles,I405-N,4,Mainline,N,5001
717717,33.814416,-118.177538,7,Los Angeles,I405-N,5,Mainline,N,5002
717719,33.814996,-118.183577,7,Los Angeles,I405-N,5,Mainline,N,5003
717720,33.816753,-118.18802,7,Los Angeles,I405-N,4,Mainline,N,5004
717721,33.819612,-118.191829,7,Los Angeles,I405-N,5,Mainline,N,5005
771863,33.821489,-118.195048,7,Los Angeles,I405-N,6,Mainline,N,5006
717723,33.824899,-118.20179,7,Los Angeles,I405-N,4,Mainline,N,5007
771877,33.826587,-118.208548,7,Los Angeles,I405-N,4,Mainline,N,5008
717727,33.825614,-118.215047,7,Los Angeles,I405-N,4,Mainline,N,5009
771898,33.825373,-118.222223,7,Los Angeles,I405-N,5,Mainline,N,5010
717729,33.825518,-118.226232,7,Los Angeles,I405-N,5,Mainline,N,5011
771915,33.825932,-118.233155,7,Los Angeles,I405-N,5,Mainline,N,5012
718251,33.825976,-118.240051,7,Los Angeles,I405-N,4,Mainline,N,5013
776739,33.825756,-118.240592,7,Los Angeles,I405-N,4,Mainline,N,5014
775936,33.826405,-118.249664,7,Los Angeles,I405-N,4,Mainline,N,5015
717733,33.832936,-118.25697,7,Los Angeles,I405-N,4,Mainline,N,5016
771939,33.835595,-118.259571,7,Los Angeles,I405-N,4,Mainline,N,5017
717735,33.840237,-118.264144,7,Los Angeles,I405-N,4,Mainline,N,5018
716659,33.845809,-118.269724,7,Los Angeles,I405-N,5,Mainline,N,5019
766505,33.848064,-118.272687,7,Los Angeles,I405-N,5,Mainline,N,5020
718259,33.852884,-118.279686,7,Los Angeles,I405-N,5,Mainline,N,5021
773000,33.853172,-118.280079,7,Los Angeles,I405-N,3,Mainline,N,5022
716663,33.858551,-118.287766,7,Los Angeles,I405-N,4,Mainline,N,5023
717740,33.859338,-118.289828,7,Los Angeles,I405-N,5,Mainline,N,5024
717742,33.859963,-118.298466,7,Los Angeles,I405-N,4,Mainline,N,5025
717744,33.859955,-118.307741,7,Los Angeles,I405-N,4,Mainline,N,5026
716670,33.862176,-118.318174,7,Los Angeles,I405-N,4,Mainline,N,5027
718266,33.86453,-118.3259,7,Los Angeles,I405-N,4,Mainline,N,5028
718267,33.867312,-118.335177,7,Los Angeles,I405-N,4,Mainline,N,5029
717750,33.873958,-118.342856,7,Los Angeles,I405-N,4,Mainline,N,5030
717752,33.878338,-118.345949,7,Los Angeles,I405-N,4,Mainline,N,5031
717755,33.884045,-118.351506,7,Los Angeles,I405-N,4,Mainline,N,5032
717758,33.890483,-118.360485,7,Los Angeles,I405-N,4,Mainline,N,5033
717760,33.8919,-118.362464,7,Los Angeles,I405-N,4,Mainline,N,5034
717763,33.900921,-118.370315,7,Los Angeles,I405-N,4,Mainline,N,5035
717765,33.903819,-118.370313,7,Los Angeles,I405-N,4,Mainline,N,5036
716689,33.906863,-118.370302,7,Los Angeles,I405-N,5,Mainline,N,5037
717769,33.915198,-118.370234,7,Los Angeles,I405-N,4,Mainline,N,5038
761455,33.918874,-118.36955,7,Los Angeles,I405-N,4,Mainline,N,5039
716694,33.921751,-118.368902,7,Los Angeles,I405-N,5,Mainline,N,5040
759427,33.932781,-118.368223,7,Los Angeles,I405-N,4,Mainline,N,5041
769228,33.946811,-118.368252,7,Los Angeles,I405-N,4,Mainline,N,5042
761482,33.951752,-118.368991,7,Los Angeles,I405-N,6,Mainline,N,5043
776844,33.952042,-118.369045,7,Los Angeles,I405-N,4,Mainline,N,5044
717776,33.961638,-118.36932,7,Los Angeles,I405-N,4,Mainline,N,5045
717777,33.963205,-118.369661,7,Los Angeles,I405-N,4,Mainline,N,5046
764583,33.965167,-118.370291,7,Los Angeles,I405-N,4,Mainline,N,5047
717779,33.971707,-118.377522,7,Los Angeles,I405-N,4,Mainline,N,5048
771969,33.978135,-118.390097,7,Los Angeles,I405-N,4,Mainline,N,5049
718291,33.981278,-118.393836,7,Los Angeles,I405-N,5,Mainline,N,5050
769496,33.98849,-118.399537,7,Los Angeles,I405-N,4,Mainline,N,5051
718292,33.990323,-118.400988,7,Los Angeles,I405-N,4,Mainline,N,5052
768643,33.998742,-118.407685,7,Los Angeles,I405-N,5,Mainline,N,5053
717787,34.004889,-118.412552,7,Los Angeles,I405-N,5,Mainline,N,5054
717790,34.010379,-118.41687,7,Los Angeles,I405-N,5,Mainline,N,5055
772437,34.013859,-118.419645,7,Los Angeles,I405-N,6,Mainline,N,5056
716714,34.018964,-118.42366,7,Los Angeles,I405-N,5,Mainline,N,5057
772455,34.019206,-118.423854,7,Los Angeles,I405-N,5,Mainline,N,5058
718500,34.026728,-118.429807,7,Los Angeles,I405-N,4,Mainline,N,5059
768969,34.030852,-118.433072,7,Los Angeles,I405-N,4,Mainline,N,5060
717794,34.038204,-118.439159,7,Los Angeles,I405-N,5,Mainline,N,5061
716720,34.042287,-118.44249,7,Los Angeles,I405-N,6,Mainline,N,5062
717797,34.047963,-118.44737,7,Los Angeles,I405-N,5,Mainline,N,5063
775155,34.052632,-118.449662,7,Los Angeles,I405-N,6,Mainline,N,5064
717798,34.055946,-118.452118,7,Los Angeles,I405-N,5,Mainline,N,5065
775261,34.0624,-118.457437,7,Los Angeles,I405-N,5,Mainline,N,5066
717799,34.065808,-118.460396,7,Los Angeles,I405-N,4,Mainline,N,5067
717800,34.07238,-118.466123,7,Los Angeles,I405-N,5,Mainline,N,5068
717801,34.077939,-118.470493,7,Los Angeles,I405-N,5,Mainline,N,5069
775137,34.088064,-118.475109,7,Los Angeles,I405-N,5,Mainline,N,5070
717804,34.095833,-118.476524,7,Los Angeles,I405-N,5,Mainline,N,5071
775183,34.102985,-118.477246,7,Los Angeles,I405-N,5,Mainline,N,5072
716733,34.11048,-118.481488,7,Los Angeles,I405-N,5,Mainline,N,5073
775120,34.11879,-118.481253,7,Los Angeles,I405-N,5,Mainline,N,5074
717806,34.125144,-118.47636,7,Los Angeles,I405-N,5,Mainline,N,5075
716738,34.133767,-118.472292,7,Los Angeles,I405-N,6,Mainline,N,5076
716739,34.141958,-118.471286,7,Los Angeles,I405-N,6,Mainline,N,5077
775225,34.145971,-118.470484,7,Los Angeles,I405-N,6,Mainline,N,5078
767812,34.168209,-118.468498,7,Los Angeles,I405-N,4,Mainline,N,5079
717818,34.172831,-118.467569,7,Los Angeles,I405-N,4,Mainline,N,5080
767351,34.180527,-118.470463,7,Los Angeles,I405-N,4,Mainline,N,5081
717819,34.188192,-118.474075,7,Los Angeles,I405-N,4,Mainline,N,5082
717823,34.202543,-118.473233,7,Los Angeles,I405-N,4,Mainline,N,5083
767367,34.213275,-118.473134,7,Los Angeles,I405-N,4,Mainline,N,5084
717825,34.222979,-118.473083,7,Los Angeles,I405-N,4,Mainline,N,5085
717827,34.237367,-118.472933,7,Los Angeles,I405-N,4,Mainline,N,5086
771808,34.249268,-118.472234,7,Los Angeles,I405-N,4,Mainline,N,5087
771767,34.256535,-118.472044,7,Los Angeles,I405-N,6,Mainline,N,5088
772011,34.281744,-118.468905,7,Los Angeles,I405-N,3,Mainline,N,5089
772024,34.287473,-118.467596,7,Los Angeles,I405-N,3,Mainline,N,5090
771825,33.786942,-118.094686,7,Los Angeles,I405-S,4,Mainline,S,5091
717697,33.79164,-118.10099,7,Los Angeles,I405-S,4,Mainline,S,5092
717699,33.794536,-118.10487,7,Los Angeles,I405-S,4,Mainline,S,5093
718221,33.800308,-118.112651,7,Los Angeles,I405-S,4,Mainline,S,5094
718223,33.802629,-118.12381,7,Los Angeles,I405-S,4,Mainline,S,5095
718226,33.802649,-118.128338,7,Los Angeles,I405-S,4,Mainline,S,5096
716626,33.802703,-118.13339,7,Los Angeles,I405-S,5,Mainline,S,5097
718229,33.803094,-118.137329,7,Los Angeles,I405-S,5,Mainline,S,5098
718232,33.805815,-118.143415,7,Los Angeles,I405-S,4,Mainline,S,5099
717710,33.806934,-118.151138,7,Los Angeles,I405-S,5,Mainline,S,5100
771846,33.809074,-118.157336,7,Los Angeles,I405-S,5,Mainline,S,5101
718235,33.811173,-118.161074,7,Los Angeles,I405-S,5,Mainline,S,5102
718238,33.813053,-118.166482,7,Los Angeles,I405-S,5,Mainline,S,5103
718240,33.814193,-118.176143,7,Los Angeles,I405-S,4,Mainline,S,5104
718243,33.814807,-118.183838,7,Los Angeles,I405-S,5,Mainline,S,5105
718242,33.815698,-118.186295,7,Los Angeles,I405-S,5,Mainline,S,5106
718245,33.818022,-118.190184,7,Los Angeles,I405-S,5,Mainline,S,5107
771864,33.821302,-118.195219,7,Los Angeles,I405-S,5,Mainline,S,5108
717724,33.824728,-118.201883,7,Los Angeles,I405-S,4,Mainline,S,5109
771879,33.826384,-118.20858,7,Los Angeles,I405-S,3,Mainline,S,5110
718247,33.825332,-118.215513,7,Los Angeles,I405-S,4,Mainline,S,5111
771897,33.82515,-118.222222,7,Los Angeles,I405-S,5,Mainline,S,5112
718249,33.825229,-118.225244,7,Los Angeles,I405-S,5,Mainline,S,5113
771914,33.825703,-118.233178,7,Los Angeles,I405-S,5,Mainline,S,5114
717731,33.825757,-118.24005,7,Los Angeles,I405-S,4,Mainline,S,5115
771925,33.826193,-118.24972,7,Los Angeles,I405-S,4,Mainline,S,5116
718253,33.830851,-118.255253,7,Los Angeles,I405-S,4,Mainline,S,5117
771938,33.835431,-118.259732,7,Los Angeles,I405-S,4,Mainline,S,5118
774327,33.838786,-118.263002,7,Los Angeles,I405-S,4,Mainline,S,5119
718256,33.840128,-118.264312,7,Los Angeles,I405-S,4,Mainline,S,5120
766493,33.845636,-118.269942,7,Los Angeles,I405-S,5,Mainline,S,5121
716660,33.847883,-118.272889,7,Los Angeles,I405-S,5,Mainline,S,5122
718258,33.852707,-118.279831,7,Los Angeles,I405-S,5,Mainline,S,5123
772999,33.852994,-118.280221,7,Los Angeles,I405-S,5,Mainline,S,5124
769248,33.858342,-118.287867,7,Los Angeles,I405-S,3,Mainline,S,5125
769195,33.85914,-118.289912,7,Los Angeles,I405-S,4,Mainline,S,5126
761526,33.859717,-118.298546,7,Los Angeles,I405-S,4,Mainline,S,5127
718262,33.85998,-118.31095,7,Los Angeles,I405-S,4,Mainline,S,5128
717746,33.861991,-118.318254,7,Los Angeles,I405-S,4,Mainline,S,5129
718265,33.864701,-118.327312,7,Los Angeles,I405-S,4,Mainline,S,5130
716674,33.867122,-118.335344,7,Los Angeles,I405-S,4,Mainline,S,5131
764604,33.871474,-118.341378,7,Los Angeles,I405-S,4,Mainline,S,5132
717751,33.873847,-118.343065,7,Los Angeles,I405-S,4,Mainline,S,5133
717753,33.878203,-118.346171,7,Los Angeles,I405-S,4,Mainline,S,5134
718275,33.885033,-118.353285,7,Los Angeles,I405-S,4,Mainline,S,5135
718479,33.89032,-118.360662,7,Los Angeles,I405-S,4,Mainline,S,5136
718277,33.891266,-118.361985,7,Los Angeles,I405-S,4,Mainline,S,5137
718280,33.90085,-118.370549,7,Los Angeles,I405-S,4,Mainline,S,5138
717766,33.90684,-118.370538,7,Los Angeles,I405-S,5,Mainline,S,5139
759422,33.914766,-118.370486,7,Los Angeles,I405-S,4,Mainline,S,5140
761541,33.91767,-118.370052,7,Los Angeles,I405-S,4,Mainline,S,5141
761552,33.921786,-118.369125,7,Los Angeles,I405-S,4,Mainline,S,5142
764598,33.928621,-118.368522,7,Los Angeles,I405-S,5,Mainline,S,5143
764590,33.930217,-118.368535,7,Los Angeles,I405-S,5,Mainline,S,5144
767827,33.932756,-118.368505,7,Los Angeles,I405-S,4,Mainline,S,5145
718284,33.941969,-118.368525,7,Los Angeles,I405-S,4,Mainline,S,5146
765153,33.947774,-118.368562,7,Los Angeles,I405-S,4,Mainline,S,5147
776843,33.952079,-118.369273,7,Los Angeles,I405-S,4,Mainline,S,5148
717772,33.960581,-118.36949,7,Los Angeles,I405-S,5,Mainline,S,5149
764572,33.963142,-118.369897,7,Los Angeles,I405-S,5,Mainline,S,5150
764578,33.965086,-118.370528,7,Los Angeles,I405-S,4,Mainline,S,5151
718287,33.971543,-118.377669,7,Los Angeles,I405-S,4,Mainline,S,5152
771954,33.976541,-118.387273,7,Los Angeles,I405-S,5,Mainline,S,5153
718290,33.981148,-118.394054,7,Los Angeles,I405-S,5,Mainline,S,5154
764567,33.986242,-118.398076,7,Los Angeles,I405-S,4,Mainline,S,5155
764671,33.990121,-118.401139,7,Los Angeles,I405-S,4,Mainline,S,5156
761500,33.998479,-118.407756,7,Los Angeles,I405-S,5,Mainline,S,5157
717788,34.004651,-118.412662,7,Los Angeles,I405-S,5,Mainline,S,5158
718296,34.010121,-118.416943,7,Los Angeles,I405-S,5,Mainline,S,5159
772438,34.01375,-118.419839,7,Los Angeles,I405-S,6,Mainline,S,5160
772527,34.018854,-118.423874,7,Los Angeles,I405-S,5,Mainline,S,5161
772454,34.019097,-118.424066,7,Los Angeles,I405-S,5,Mainline,S,5162
718297,34.026631,-118.430023,7,Los Angeles,I405-S,4,Mainline,S,5163
768968,34.030752,-118.433309,7,Los Angeles,I405-S,4,Mainline,S,5164
775165,34.033563,-118.436492,7,Los Angeles,I405-S,4,Mainline,S,5165
717795,34.038114,-118.439397,7,Los Angeles,I405-S,6,Mainline,S,5166
716719,34.042214,-118.442698,7,Los Angeles,I405-S,5,Mainline,S,5167
718300,34.046105,-118.44607,7,Los Angeles,I405-S,5,Mainline,S,5168
718302,34.052401,-118.449849,7,Los Angeles,I405-S,5,Mainline,S,5169
775156,34.052538,-118.449904,7,Los Angeles,I405-S,6,Mainline,S,5170
718304,34.056927,-118.453241,7,Los Angeles,I405-S,5,Mainline,S,5171
718308,34.062316,-118.45765,7,Los Angeles,I405-S,6,Mainline,S,5172
775249,34.065723,-118.460607,7,Los Angeles,I405-S,4,Mainline,S,5173
775239,34.071567,-118.465753,7,Los Angeles,I405-S,4,Mainline,S,5174
718310,34.073269,-118.467097,7,Los Angeles,I405-S,4,Mainline,S,5175
775136,34.088256,-118.475372,7,Los Angeles,I405-S,4,Mainline,S,5176
718312,34.096057,-118.47685,7,Los Angeles,I405-S,4,Mainline,S,5177
775184,34.102911,-118.477469,7,Los Angeles,I405-S,4,Mainline,S,5178
718314,34.110424,-118.481702,7,Los Angeles,I405-S,4,Mainline,S,5179
775121,34.118968,-118.481445,7,Los Angeles,I405-S,4,Mainline,S,5180
718315,34.120834,-118.480151,7,Los Angeles,I405-S,4,Mainline,S,5181
717807,34.133964,-118.47252,7,Los Angeles,I405-S,5,Mainline,S,5182
764754,34.142078,-118.471554,7,Los Angeles,I405-S,6,Mainline,S,5183
717809,34.146041,-118.470721,7,Los Angeles,I405-S,5,Mainline,S,5184
717816,34.155321,-118.468529,7,Los Angeles,I405-S,5,Mainline,S,5185
765171,34.168246,-118.468752,7,Los Angeles,I405-S,4,Mainline,S,5186
767053,34.169308,-118.468207,7,Los Angeles,I405-S,4,Mainline,S,5187
767350,34.18056,-118.470784,7,Los Angeles,I405-S,4,Mainline,S,5188
765265,34.185796,-118.47407,7,Los Angeles,I405-S,4,Mainline,S,5189
765273,34.188237,-118.474342,7,Los Angeles,I405-S,4,Mainline,S,5190
717821,34.199504,-118.473939,7,Los Angeles,I405-S,4,Mainline,S,5191
737529,34.202228,-118.473512,7,Los Angeles,I405-S,4,Mainline,S,5192
767366,34.21309,-118.473357,7,Los Angeles,I405-S,4,Mainline,S,5193
717824,34.220042,-118.473313,7,Los Angeles,I405-S,4,Mainline,S,5194
717826,34.234235,-118.473205,7,Los Angeles,I405-S,4,Mainline,S,5195
768626,34.237277,-118.473175,7,Los Angeles,I405-S,4,Mainline,S,5196
771807,34.249256,-118.472492,7,Los Angeles,I405-S,4,Mainline,S,5197
717828,34.255035,-118.472413,7,Los Angeles,I405-S,6,Mainline,S,5198
717829,34.256625,-118.472419,7,Los Angeles,I405-S,6,Mainline,S,5199
771997,34.276797,-118.470607,7,Los Angeles,I405-S,4,Mainline,S,5200
771981,34.279568,-118.469694,7,Los Angeles,I405-S,3,Mainline,S,5201
772025,34.28742,-118.467814,7,Los Angeles,I405-S,4,Mainline,S,5202
717831,33.809588,-118.081304,7,Los Angeles,I605-N,4,Mainline,N,5203
773712,33.811752,-118.081294,7,Los Angeles,I605-N,4,Mainline,N,5204
761844,33.821171,-118.081273,7,Los Angeles,I605-N,4,Mainline,N,5205
773723,33.827898,-118.082496,7,Los Angeles,I605-N,4,Mainline,N,5206
717836,33.830383,-118.083453,7,Los Angeles,I605-N,4,Mainline,N,5207
717839,33.832657,-118.084601,7,Los Angeles,I605-N,4,Mainline,N,5208
716760,33.838278,-118.087885,7,Los Angeles,I605-N,4,Mainline,N,5209
717143,33.844957,-118.091715,7,Los Angeles,I605-N,4,Mainline,N,5210
717844,33.84679,-118.092752,7,Los Angeles,I605-N,4,Mainline,N,5211
773736,33.851922,-118.09452,7,Los Angeles,I605-N,4,Mainline,N,5212
717850,33.857321,-118.09579,7,Los Angeles,I605-N,4,Mainline,N,5213
717851,33.859308,-118.096265,7,Los Angeles,I605-N,4,Mainline,N,5214
717854,33.86612,-118.098646,7,Los Angeles,I605-N,5,Mainline,N,5215
767233,33.872931,-118.101112,7,Los Angeles,I605-N,3,Mainline,N,5216
773743,33.877092,-118.102657,7,Los Angeles,I605-N,4,Mainline,N,5217
773749,33.878493,-118.103113,7,Los Angeles,I605-N,4,Mainline,N,5218
717857,33.881766,-118.103878,7,Los Angeles,I605-N,6,Mainline,N,5219
717858,33.886691,-118.104261,7,Los Angeles,I605-N,5,Mainline,N,5220
717863,33.888878,-118.104376,7,Los Angeles,I605-N,5,Mainline,N,5221
716784,33.894297,-118.104669,7,Los Angeles,I605-N,5,Mainline,N,5222
766851,33.902407,-118.105114,7,Los Angeles,I605-N,4,Mainline,N,5223
716788,33.903565,-118.10513,7,Los Angeles,I605-N,5,Mainline,N,5224
717864,33.909354,-118.104924,7,Los Angeles,I605-N,5,Mainline,N,5225
761675,33.916153,-118.104585,7,Los Angeles,I605-N,4,Mainline,N,5226
718466,33.92193,-118.104318,7,Los Angeles,I605-N,4,Mainline,N,5227
717875,33.926206,-118.1036,7,Los Angeles,I605-N,5,Mainline,N,5228
769513,33.936927,-118.098751,7,Los Angeles,I605-N,3,Mainline,N,5229
717879,33.942882,-118.09562,7,Los Angeles,I605-N,4,Mainline,N,5230
717881,33.951332,-118.090846,7,Los Angeles,I605-N,4,Mainline,N,5231
716800,33.958124,-118.087014,7,Los Angeles,I605-N,4,Mainline,N,5232
717888,33.966404,-118.083604,7,Los Angeles,I605-N,4,Mainline,N,5233
717893,33.972857,-118.080336,7,Los Angeles,I605-N,4,Mainline,N,5234
717897,33.979377,-118.077076,7,Los Angeles,I605-N,4,Mainline,N,5235
717903,33.9855,-118.071807,7,Los Angeles,I605-N,4,Mainline,N,5236
717906,33.992148,-118.069414,7,Los Angeles,I605-N,4,Mainline,N,5237
717909,33.994533,-118.068855,7,Los Angeles,I605-N,4,Mainline,N,5238
717915,34.003288,-118.064985,7,Los Angeles,I605-N,4,Mainline,N,5239
717922,34.005361,-118.06248,7,Los Angeles,I605-N,4,Mainline,N,5240
716819,34.009316,-118.057906,7,Los Angeles,I605-N,4,Mainline,N,5241
717926,34.01677,-118.05412,7,Los Angeles,I605-N,4,Mainline,N,5242
717929,34.018698,-118.051437,7,Los Angeles,I605-N,4,Mainline,N,5243
717934,34.026653,-118.038537,7,Los Angeles,I605-N,4,Mainline,N,5244
717940,34.028108,-118.035925,7,Los Angeles,I605-N,5,Mainline,N,5245
716829,34.030914,-118.031047,7,Los Angeles,I605-N,3,Mainline,N,5246
775689,34.044907,-118.009503,7,Los Angeles,I605-N,4,Mainline,N,5247
716834,34.053746,-118.004464,7,Los Angeles,I605-N,4,Mainline,N,5248
717945,34.05556,-118.003436,7,Los Angeles,I605-N,4,Mainline,N,5249
763683,34.062218,-118.000416,7,Los Angeles,I605-N,3,Mainline,N,5250
776020,34.07235,-117.999431,7,Los Angeles,I605-N,5,Mainline,N,5251
776487,34.079858,-117.997784,7,Los Angeles,I605-N,4,Mainline,N,5252
773774,34.085033,-117.996438,7,Los Angeles,I605-N,4,Mainline,N,5253
717956,34.093924,-117.988767,7,Los Angeles,I605-N,4,Mainline,N,5254
773785,34.097894,-117.98553,7,Los Angeles,I605-N,4,Mainline,N,5255
767678,34.106202,-117.982407,7,Los Angeles,I605-N,4,Mainline,N,5256
716841,34.114761,-117.977832,7,Los Angeles,I605-N,4,Mainline,N,5257
717958,34.11687,-117.975459,7,Los Angeles,I605-N,4,Mainline,N,5258
773795,34.12006,-117.970742,7,Los Angeles,I605-N,4,Mainline,N,5259
773807,34.125482,-117.964907,7,Los Angeles,I605-N,4,Mainline,N,5260
717832,33.80915,-118.081596,7,Los Angeles,I605-S,4,Mainline,S,5261
773711,33.811752,-118.08157,7,Los Angeles,I605-S,4,Mainline,S,5262
737504,33.821152,-118.081557,7,Los Angeles,I605-S,4,Mainline,S,5263
773724,33.827839,-118.082741,7,Los Angeles,I605-S,4,Mainline,S,5264
717833,33.830177,-118.08363,7,Los Angeles,I605-S,4,Mainline,S,5265
717838,33.832579,-118.084831,7,Los Angeles,I605-S,4,Mainline,S,5266
717842,33.838214,-118.088062,7,Los Angeles,I605-S,4,Mainline,S,5267
717843,33.844875,-118.091947,7,Los Angeles,I605-S,4,Mainline,S,5268
717846,33.846711,-118.092994,7,Los Angeles,I605-S,4,Mainline,S,5269
773737,33.851874,-118.094684,7,Los Angeles,I605-S,4,Mainline,S,5270
717847,33.857271,-118.09599,7,Los Angeles,I605-S,4,Mainline,S,5271
717853,33.859402,-118.096491,7,Los Angeles,I605-S,4,Mainline,S,5272
716775,33.866067,-118.098862,7,Los Angeles,I605-S,5,Mainline,S,5273
716776,33.87427,-118.101893,7,Los Angeles,I605-S,4,Mainline,S,5274
716778,33.881753,-118.104077,7,Los Angeles,I605-S,6,Mainline,S,5275
717859,33.886248,-118.104435,7,Los Angeles,I605-S,5,Mainline,S,5276
717862,33.888287,-118.10455,7,Los Angeles,I605-S,5,Mainline,S,5277
717865,33.894293,-118.104912,7,Los Angeles,I605-S,5,Mainline,S,5278
717867,33.900526,-118.105238,7,Los Angeles,I605-S,5,Mainline,S,5279
717871,33.902261,-118.105349,7,Los Angeles,I605-S,5,Mainline,S,5280
717848,33.907474,-118.105239,7,Los Angeles,I605-S,4,Mainline,S,5281
764001,33.908921,-118.10517,7,Los Angeles,I605-S,4,Mainline,S,5282
737152,33.917606,-118.104793,7,Los Angeles,I605-S,4,Mainline,S,5283
717872,33.923989,-118.104406,7,Los Angeles,I605-S,4,Mainline,S,5284
717877,33.935212,-118.099885,7,Los Angeles,I605-S,4,Mainline,S,5285
716797,33.942967,-118.095825,7,Los Angeles,I605-S,3,Mainline,S,5286
717884,33.950974,-118.091381,7,Los Angeles,I605-S,4,Mainline,S,5287
717885,33.958207,-118.087265,7,Los Angeles,I605-S,4,Mainline,S,5288
717887,33.966467,-118.083807,7,Los Angeles,I605-S,4,Mainline,S,5289
717894,33.972515,-118.080722,7,Los Angeles,I605-S,4,Mainline,S,5290
717896,33.974742,-118.079877,7,Los Angeles,I605-S,4,Mainline,S,5291
717898,33.980513,-118.076242,7,Los Angeles,I605-S,4,Mainline,S,5292
716810,33.985594,-118.072012,7,Los Angeles,I605-S,4,Mainline,S,5293
717907,33.992205,-118.069649,7,Los Angeles,I605-S,4,Mainline,S,5294
717912,33.994073,-118.069196,7,Los Angeles,I605-S,4,Mainline,S,5295
717914,34.004272,-118.064134,7,Los Angeles,I605-S,4,Mainline,S,5296
764021,34.004792,-118.063514,7,Los Angeles,I605-S,4,Mainline,S,5297
717924,34.009472,-118.058066,7,Los Angeles,I605-S,4,Mainline,S,5298
717925,34.01717,-118.05398,7,Los Angeles,I605-S,4,Mainline,S,5299
717930,34.01886,-118.051593,7,Los Angeles,I605-S,4,Mainline,S,5300
717933,34.026807,-118.038666,7,Los Angeles,I605-S,4,Mainline,S,5301
717942,34.028263,-118.036063,7,Los Angeles,I605-S,4,Mainline,S,5302
717943,34.031082,-118.03122,7,Los Angeles,I605-S,3,Mainline,S,5303
775690,34.045005,-118.009709,7,Los Angeles,I605-S,4,Mainline,S,5304
717947,34.051776,-118.005858,7,Los Angeles,I605-S,4,Mainline,S,5305
766937,34.052932,-118.005202,7,Los Angeles,I605-S,4,Mainline,S,5306
763689,34.062222,-118.000626,7,Los Angeles,I605-S,3,Mainline,S,5307
776019,34.072359,-117.999767,7,Los Angeles,I605-S,5,Mainline,S,5308
717951,34.074896,-117.998897,7,Los Angeles,I605-S,4,Mainline,S,5309
773773,34.085128,-117.996724,7,Los Angeles,I605-S,4,Mainline,S,5310
765501,34.089665,-117.99394,7,Los Angeles,I605-S,4,Mainline,S,5311
773784,34.09799,-117.985785,7,Los Angeles,I605-S,4,Mainline,S,5312
763616,34.106905,-117.982368,7,Los Angeles,I605-S,4,Mainline,S,5313
717957,34.114904,-117.97806,7,Los Angeles,I605-S,4,Mainline,S,5314
773796,34.120181,-117.970962,7,Los Angeles,I605-S,4,Mainline,S,5315
773798,34.125606,-117.965149,7,Los Angeles,I605-S,4,Mainline,S,5316
772689,33.788736,-118.207663,7,Los Angeles,I710-N,4,Mainline,N,5317
774411,33.806183,-118.207214,7,Los Angeles,I710-N,3,Mainline,N,5318
774444,33.82419,-118.20687,7,Los Angeles,I710-N,3,Mainline,N,5319
717962,33.849095,-118.205202,7,Los Angeles,I710-N,4,Mainline,N,5320
717966,33.864017,-118.19821,7,Los Angeles,I710-N,5,Mainline,N,5321
774373,33.868842,-118.1953,7,Los Angeles,I710-N,6,Mainline,N,5322
717968,33.879953,-118.191917,7,Los Angeles,I710-N,3,Mainline,N,5323
761734,33.891258,-118.18823,7,Los Angeles,I710-N,5,Mainline,N,5324
718488,33.89529,-118.187593,7,Los Angeles,I710-N,6,Mainline,N,5325
717770,33.902585,-118.185914,7,Los Angeles,I710-N,4,Mainline,N,5326
718102,33.905011,-118.184089,7,Los Angeles,I710-N,4,Mainline,N,5327
718492,33.907361,-118.181983,7,Los Angeles,I710-N,4,Mainline,N,5328
717977,33.915802,-118.179338,7,Los Angeles,I710-N,4,Mainline,N,5329
717660,33.918675,-118.178732,7,Los Angeles,I710-N,4,Mainline,N,5330
768984,33.924434,-118.177677,7,Los Angeles,I710-N,5,Mainline,N,5331
718151,33.929626,-118.178731,7,Los Angeles,I710-N,4,Mainline,N,5332
717983,33.931754,-118.178439,7,Los Angeles,I710-N,4,Mainline,N,5333
774359,33.939137,-118.171805,7,Los Angeles,I710-N,4,Mainline,N,5334
717992,33.949445,-118.170327,7,Los Angeles,I710-N,4,Mainline,N,5335
717995,33.950741,-118.170417,7,Los Angeles,I710-N,4,Mainline,N,5336
776266,33.964927,-118.168788,7,Los Angeles,I710-N,4,Mainline,N,5337
718147,33.968571,-118.167682,7,Los Angeles,I710-N,4,Mainline,N,5338
776290,33.994181,-118.17643,7,Los Angeles,I710-N,4,Mainline,N,5339
718320,34.000423,-118.174959,7,Los Angeles,I710-N,5,Mainline,N,5340
776493,34.005883,-118.172597,7,Los Angeles,I710-N,5,Mainline,N,5341
776203,34.006745,-118.172418,7,Los Angeles,I710-N,4,Mainline,N,5342
763468,34.014914,-118.172242,7,Los Angeles,I710-N,3,Mainline,N,5343
718014,34.019763,-118.173271,7,Los Angeles,I710-N,4,Mainline,N,5344
768978,34.022735,-118.172717,7,Los Angeles,I710-N,5,Mainline,N,5345
776221,34.026922,-118.172165,7,Los Angeles,I710-N,5,Mainline,N,5346
776228,34.031074,-118.170833,7,Los Angeles,I710-N,3,Mainline,N,5347
718016,34.032849,-118.170134,7,Los Angeles,I710-N,3,Mainline,N,5348
776242,34.04534,-118.169425,7,Los Angeles,I710-N,4,Mainline,N,5349
776196,34.052413,-118.164153,7,Los Angeles,I710-N,3,Mainline,N,5350
776188,34.059988,-118.165192,7,Los Angeles,I710-N,2,Mainline,N,5351
772711,33.788737,-118.207896,7,Los Angeles,I710-S,4,Mainline,S,5352
774389,33.806185,-118.207378,7,Los Angeles,I710-S,3,Mainline,S,5353
774445,33.824173,-118.207084,7,Los Angeles,I710-S,3,Mainline,S,5354
717960,33.848404,-118.20545,7,Los Angeles,I710-S,4,Mainline,S,5355
717963,33.861086,-118.200442,7,Los Angeles,I710-S,4,Mainline,S,5356
774372,33.868933,-118.195568,7,Los Angeles,I710-S,5,Mainline,S,5357
716847,33.877433,-118.192776,7,Los Angeles,I710-S,4,Mainline,S,5358
717970,33.887504,-118.18958,7,Los Angeles,I710-S,5,Mainline,S,5359
761851,33.8953,-118.187843,7,Los Angeles,I710-S,6,Mainline,S,5360
717975,33.900287,-118.18707,7,Los Angeles,I710-S,6,Mainline,S,5361
717972,33.903982,-118.185282,7,Los Angeles,I710-S,6,Mainline,S,5362
761761,33.906773,-118.182716,7,Los Angeles,I710-S,4,Mainline,S,5363
718493,33.907395,-118.182244,7,Los Angeles,I710-S,4,Mainline,S,5364
717978,33.915832,-118.179574,7,Los Angeles,I710-S,4,Mainline,S,5365
716857,33.924409,-118.177989,7,Los Angeles,I710-S,5,Mainline,S,5366
717980,33.92992,-118.178962,7,Los Angeles,I710-S,4,Mainline,S,5367
761776,33.93079,-118.178918,7,Los Angeles,I710-S,4,Mainline,S,5368
774358,33.9392,-118.171985,7,Los Angeles,I710-S,4,Mainline,S,5369
717986,33.949462,-118.170596,7,Los Angeles,I710-S,4,Mainline,S,5370
717989,33.950759,-118.170667,7,Los Angeles,I710-S,4,Mainline,S,5371
776295,33.964963,-118.169033,7,Los Angeles,I710-S,4,Mainline,S,5372
718002,33.966186,-118.168485,7,Los Angeles,I710-S,4,Mainline,S,5373
776289,33.994201,-118.176658,7,Los Angeles,I710-S,4,Mainline,S,5374
718008,33.997066,-118.176999,7,Los Angeles,I710-S,4,Mainline,S,5375
718012,34.005785,-118.172807,7,Los Angeles,I710-S,5,Mainline,S,5376
776208,34.006795,-118.172616,7,Los Angeles,I710-S,4,Mainline,S,5377
716891,34.014955,-118.172721,7,Los Angeles,I710-S,3,Mainline,S,5378
718321,34.019379,-118.17355,7,Los Angeles,I710-S,4,Mainline,S,5379
716875,34.022791,-118.172955,7,Los Angeles,I710-S,4,Mainline,S,5380
776215,34.026963,-118.1724,7,Los Angeles,I710-S,5,Mainline,S,5381
776253,34.031085,-118.171069,7,Los Angeles,I710-S,3,Mainline,S,5382
718017,34.0344,-118.170119,7,Los Angeles,I710-S,3,Mainline,S,5383
718018,34.039459,-118.170157,7,Los Angeles,I710-S,3,Mainline,S,5384
776197,34.052438,-118.164419,7,Los Angeles,I710-S,3,Mainline,S,5385
